,LSOA.Code,count
0,E01000001,2112
1,E01000002,2913
2,E01000003,156
3,E01000005,1614
4,E01000006,102
5,E01000007,463
6,E01000008,277
7,E01000009,312
8,E01000010,440
9,E01000011,109
10,E01000012,134
11,E01000013,124
12,E01000014,81
13,E01000015,88
14,E01000016,111
15,E01000017,60
16,E01000018,84
17,E01000019,70
18,E01000020,72
19,E01000021,100
20,E01000022,48
21,E01000023,245
22,E01000024,68
23,E01000025,76
24,E01000027,84
25,E01000028,65
26,E01000029,72
27,E01000030,102
28,E01000031,81
29,E01000032,121
30,E01000033,60
31,E01000034,42
32,E01000035,287
33,E01000036,78
34,E01000037,49
35,E01000038,42
36,E01000039,67
37,E01000040,94
38,E01000041,92
39,E01000042,59
40,E01000043,112
41,E01000044,109
42,E01000045,75
43,E01000046,86
44,E01000048,37
45,E01000049,98
46,E01000050,161
47,E01000051,32
48,E01000052,123
49,E01000053,79
50,E01000054,84
51,E01000055,80
52,E01000056,70
53,E01000057,82
54,E01000058,96
55,E01000059,66
56,E01000060,100
57,E01000061,54
58,E01000062,94
59,E01000063,63
60,E01000064,100
61,E01000065,109
62,E01000066,97
63,E01000067,53
64,E01000068,99
65,E01000069,83
66,E01000070,104
67,E01000071,124
68,E01000072,94
69,E01000073,68
70,E01000074,62
71,E01000075,110
72,E01000076,76
73,E01000077,68
74,E01000078,116
75,E01000079,67
76,E01000080,82
77,E01000081,76
78,E01000082,78
79,E01000083,70
80,E01000084,62
81,E01000085,74
82,E01000086,54
83,E01000087,69
84,E01000088,109
85,E01000089,88
86,E01000090,98
87,E01000091,120
88,E01000092,791
89,E01000093,98
90,E01000094,146
91,E01000095,170
92,E01000096,125
93,E01000097,80
94,E01000098,117
95,E01000099,204
96,E01000100,68
97,E01000101,84
98,E01000102,83
99,E01000103,80
100,E01000104,87
101,E01000105,110
102,E01000106,148
103,E01000107,81
104,E01000108,90
105,E01000109,151
106,E01000110,186
107,E01000111,128
108,E01000112,212
109,E01000113,116
110,E01000114,107
111,E01000115,66
112,E01000116,183
113,E01000117,97
114,E01000118,85
115,E01000119,128
116,E01000120,85
117,E01000121,43
118,E01000122,70
119,E01000123,679
120,E01000124,108
121,E01000125,105
122,E01000126,88
123,E01000127,51
124,E01000128,87
125,E01000129,248
126,E01000130,73
127,E01000131,96
128,E01000132,44
129,E01000133,45
130,E01000134,69
131,E01000135,828
132,E01000136,129
133,E01000137,114
134,E01000138,152
135,E01000139,101
136,E01000140,203
137,E01000141,160
138,E01000142,450
139,E01000143,56
140,E01000144,1576
141,E01000145,85
142,E01000146,537
143,E01000147,125
144,E01000148,933
145,E01000150,285
146,E01000151,45
147,E01000152,84
148,E01000153,73
149,E01000154,67
150,E01000155,448
151,E01000156,182
152,E01000157,79
153,E01000158,140
154,E01000159,117
155,E01000160,119
156,E01000161,116
157,E01000162,122
158,E01000163,72
159,E01000164,77
160,E01000165,664
161,E01000166,428
162,E01000167,51
163,E01000168,193
164,E01000169,74
165,E01000170,330
166,E01000171,523
167,E01000172,72
168,E01000173,72
169,E01000174,113
170,E01000175,61
171,E01000176,77
172,E01000177,927
173,E01000178,141
174,E01000179,89
175,E01000180,77
176,E01000181,499
177,E01000182,185
178,E01000183,77
179,E01000184,69
180,E01000185,44
181,E01000186,217
182,E01000187,220
183,E01000188,155
184,E01000189,115
185,E01000190,153
186,E01000191,259
187,E01000192,488
188,E01000193,553
189,E01000194,1098
190,E01000195,81
191,E01000196,5100
192,E01000197,113
193,E01000198,142
194,E01000199,105
195,E01000200,121
196,E01000201,126
197,E01000202,865
198,E01000203,127
199,E01000204,217
200,E01000205,78
201,E01000206,99
202,E01000207,183
203,E01000208,92
204,E01000209,86
205,E01000210,90
206,E01000211,1587
207,E01000212,93
208,E01000213,96
209,E01000214,514
210,E01000215,178
211,E01000216,179
212,E01000217,953
213,E01000218,220
214,E01000219,132
215,E01000220,135
216,E01000221,85
217,E01000222,124
218,E01000223,63
219,E01000224,584
220,E01000225,319
221,E01000226,80
222,E01000227,153
223,E01000228,88
224,E01000229,46
225,E01000230,231
226,E01000231,187
227,E01000232,88
228,E01000233,114
229,E01000234,2449
230,E01000235,1213
231,E01000236,92
232,E01000237,810
233,E01000238,132
234,E01000239,153
235,E01000240,97
236,E01000241,306
237,E01000242,93
238,E01000243,562
239,E01000244,103
240,E01000245,661
241,E01000246,110
242,E01000247,81
243,E01000248,148
244,E01000249,112
245,E01000250,2166
246,E01000251,1370
247,E01000252,87
248,E01000253,187
249,E01000254,129
250,E01000255,65
251,E01000256,117
252,E01000257,96
253,E01000258,223
254,E01000259,270
255,E01000260,117
256,E01000261,94
257,E01000262,198
258,E01000263,175
259,E01000264,351
260,E01000265,99
261,E01000266,102
262,E01000267,114
263,E01000268,264
264,E01000269,536
265,E01000270,78
266,E01000271,93
267,E01000272,120
268,E01000273,408
269,E01000274,124
270,E01000275,143
271,E01000276,77
272,E01000277,145
273,E01000278,71
274,E01000279,88
275,E01000280,100
276,E01000281,1588
277,E01000282,139
278,E01000283,345
279,E01000284,89
280,E01000285,69
281,E01000286,60
282,E01000287,63
283,E01000288,45
284,E01000289,56
285,E01000290,96
286,E01000291,64
287,E01000292,478
288,E01000293,511
289,E01000294,75
290,E01000295,149
291,E01000296,3573
292,E01000297,77
293,E01000298,530
294,E01000299,6080
295,E01000300,118
296,E01000301,105
297,E01000302,1173
298,E01000303,129
299,E01000304,104
300,E01000305,580
301,E01000306,87
302,E01000307,73
303,E01000308,73
304,E01000309,401
305,E01000310,547
306,E01000311,171
307,E01000312,67
308,E01000313,260
309,E01000314,329
310,E01000315,55
311,E01000316,413
312,E01000317,286
313,E01000318,125
314,E01000319,77
315,E01000320,652
316,E01000321,812
317,E01000322,89
318,E01000323,491
319,E01000324,91
320,E01000325,46
321,E01000326,42
322,E01000327,120
323,E01000328,31
324,E01000329,62
325,E01000330,80
326,E01000331,33
327,E01000332,54
328,E01000333,77
329,E01000334,57
330,E01000335,219
331,E01000336,82
332,E01000337,52
333,E01000338,77
334,E01000339,43
335,E01000340,50
336,E01000341,62
337,E01000342,41
338,E01000343,54
339,E01000344,53
340,E01000345,31
341,E01000346,32
342,E01000347,47
343,E01000348,51
344,E01000349,65
345,E01000350,59
346,E01000351,50
347,E01000352,88
348,E01000353,74
349,E01000354,47
350,E01000355,54
351,E01000356,102
352,E01000357,58
353,E01000358,67
354,E01000359,36
355,E01000360,286
356,E01000361,65
357,E01000362,70
358,E01000363,72
359,E01000364,66
360,E01000365,61
361,E01000366,93
362,E01000367,85
363,E01000368,40
364,E01000369,51
365,E01000370,67
366,E01000371,36
367,E01000372,65
368,E01000373,48
369,E01000374,155
370,E01000375,88
371,E01000376,57
372,E01000377,52
373,E01000378,184
374,E01000379,46
375,E01000380,93
376,E01000381,70
377,E01000382,52
378,E01000383,60
379,E01000384,43
380,E01000385,291
381,E01000386,56
382,E01000387,42
383,E01000388,67
384,E01000389,69
385,E01000390,32
386,E01000391,48
387,E01000392,150
388,E01000393,58
389,E01000394,56
390,E01000395,47
391,E01000396,50
392,E01000398,36
393,E01000399,52
394,E01000400,72
395,E01000401,66
396,E01000402,64
397,E01000403,207
398,E01000404,116
399,E01000405,89
400,E01000406,94
401,E01000407,74
402,E01000408,177
403,E01000409,74
404,E01000410,171
405,E01000411,35
406,E01000412,38
407,E01000413,26
408,E01000414,273
409,E01000415,41
410,E01000416,105
411,E01000417,41
412,E01000418,99
413,E01000419,78
414,E01000420,36
415,E01000421,38
416,E01000422,66
417,E01000423,57
418,E01000424,77
419,E01000425,33
420,E01000426,77
421,E01000427,399
422,E01000428,1362
423,E01000429,80
424,E01000430,220
425,E01000431,63
426,E01000432,170
427,E01000433,58
428,E01000434,44
429,E01000435,48
430,E01000436,58
431,E01000437,29
432,E01000438,202
433,E01000439,102
434,E01000440,36
435,E01000441,64
436,E01000442,53
437,E01000443,42
438,E01000444,58
439,E01000445,54
440,E01000446,525
441,E01000447,793
442,E01000448,73
443,E01000449,59
444,E01000450,72
445,E01000451,43
446,E01000452,33
447,E01000453,44
448,E01000454,47
449,E01000455,44
450,E01000456,36
451,E01000457,1819
452,E01000458,53
453,E01000459,69
454,E01000460,52
455,E01000461,59
456,E01000462,456
457,E01000463,17
458,E01000464,74
459,E01000465,76
460,E01000466,324
461,E01000467,104
462,E01000468,494
463,E01000469,108
464,E01000470,46
465,E01000471,64
466,E01000472,543
467,E01000473,142
468,E01000474,53
469,E01000475,434
470,E01000476,66
471,E01000477,265
472,E01000478,113
473,E01000479,203
474,E01000480,180
475,E01000481,62
476,E01000482,148
477,E01000483,64
478,E01000484,61
479,E01000485,85
480,E01000486,138
481,E01000487,168
482,E01000488,112
483,E01000489,93
484,E01000490,103
485,E01000491,192
486,E01000492,82
487,E01000493,85
488,E01000494,131
489,E01000495,92
490,E01000497,694
491,E01000498,82
492,E01000499,585
493,E01000501,66
494,E01000502,108
495,E01000503,88
496,E01000504,109
497,E01000505,78
498,E01000506,179
499,E01000507,73
500,E01000508,149
501,E01000509,59
502,E01000510,173
503,E01000511,64
504,E01000512,74
505,E01000513,85
506,E01000514,96
507,E01000515,95
508,E01000516,310
509,E01000517,130
510,E01000518,474
511,E01000519,99
512,E01000520,79
513,E01000521,70
514,E01000522,66
515,E01000523,138
516,E01000524,104
517,E01000525,98
518,E01000526,67
519,E01000527,58
520,E01000528,66
521,E01000530,85
522,E01000531,103
523,E01000532,54
524,E01000533,87
525,E01000534,112
526,E01000535,140
527,E01000536,678
528,E01000538,133
529,E01000539,170
530,E01000540,202
531,E01000541,406
532,E01000543,142
533,E01000544,89
534,E01000545,270
535,E01000546,156
536,E01000547,82
537,E01000548,133
538,E01000549,133
539,E01000550,102
540,E01000551,94
541,E01000552,47
542,E01000553,129
543,E01000554,86
544,E01000555,75
545,E01000556,215
546,E01000557,79
547,E01000558,105
548,E01000559,117
549,E01000560,115
550,E01000561,91
551,E01000562,162
552,E01000563,107
553,E01000564,104
554,E01000565,126
555,E01000566,100
556,E01000567,73
557,E01000568,435
558,E01000569,79
559,E01000570,65
560,E01000571,107
561,E01000572,122
562,E01000573,95
563,E01000574,97
564,E01000575,184
565,E01000576,521
566,E01000577,395
567,E01000578,129
568,E01000579,109
569,E01000580,770
570,E01000581,98
571,E01000582,111
572,E01000583,218
573,E01000584,93
574,E01000585,80
575,E01000586,343
576,E01000587,178
577,E01000588,187
578,E01000589,117
579,E01000590,140
580,E01000591,526
581,E01000592,249
582,E01000593,92
583,E01000594,361
584,E01000595,58
585,E01000596,50
586,E01000599,44
587,E01000600,1180
588,E01000601,134
589,E01000602,34
590,E01000603,36
591,E01000604,56
592,E01000605,38
593,E01000606,100
594,E01000607,117
595,E01000608,367
596,E01000609,94
597,E01000610,107
598,E01000611,83
599,E01000612,80
600,E01000613,83
601,E01000615,1281
602,E01000616,316
603,E01000617,199
604,E01000618,80
605,E01000619,64
606,E01000620,76
607,E01000621,93
608,E01000622,69
609,E01000623,105
610,E01000624,72
611,E01000625,79
612,E01000626,144
613,E01000627,146
614,E01000628,85
615,E01000629,238
616,E01000630,142
617,E01000631,75
618,E01000632,136
619,E01000633,237
620,E01000634,245
621,E01000635,169
622,E01000636,133
623,E01000637,58
624,E01000638,161
625,E01000639,69
626,E01000640,227
627,E01000641,79
628,E01000642,417
629,E01000643,54
630,E01000644,91
631,E01000645,82
632,E01000646,97
633,E01000647,79
634,E01000648,91
635,E01000649,167
636,E01000650,122
637,E01000651,247
638,E01000652,209
639,E01000653,72
640,E01000654,31
641,E01000655,43
642,E01000656,80
643,E01000657,119
644,E01000658,76
645,E01000659,55
646,E01000661,279
647,E01000662,73
648,E01000663,44
649,E01000664,102
650,E01000665,168
651,E01000666,275
652,E01000667,72
653,E01000668,174
654,E01000669,116
655,E01000670,191
656,E01000671,232
657,E01000672,65
658,E01000673,67
659,E01000674,86
660,E01000675,923
661,E01000676,961
662,E01000677,130
663,E01000678,295
664,E01000679,99
665,E01000680,153
666,E01000681,67
667,E01000682,44
668,E01000683,51
669,E01000684,129
670,E01000685,84
671,E01000686,82
672,E01000687,71
673,E01000688,81
674,E01000689,90
675,E01000690,63
676,E01000691,46
677,E01000692,255
678,E01000693,280
679,E01000694,98
680,E01000695,95
681,E01000696,185
682,E01000697,147
683,E01000698,138
684,E01000699,70
685,E01000700,49
686,E01000701,60
687,E01000702,71
688,E01000703,114
689,E01000704,73
690,E01000705,63
691,E01000706,82
692,E01000707,58
693,E01000708,99
694,E01000709,373
695,E01000710,94
696,E01000711,112
697,E01000712,115
698,E01000713,108
699,E01000714,1122
700,E01000715,262
701,E01000716,86
702,E01000717,265
703,E01000718,89
704,E01000719,76
705,E01000720,90
706,E01000721,55
707,E01000722,317
708,E01000723,30
709,E01000724,47
710,E01000725,55
711,E01000726,38
712,E01000727,66
713,E01000728,99
714,E01000729,131
715,E01000730,87
716,E01000731,26
717,E01000732,66
718,E01000733,49
719,E01000734,44
720,E01000735,37
721,E01000736,56
722,E01000737,39
723,E01000738,86
724,E01000739,37
725,E01000740,157
726,E01000741,98
727,E01000742,114
728,E01000743,95
729,E01000744,47
730,E01000745,97
731,E01000746,169
732,E01000747,116
733,E01000748,72
734,E01000749,68
735,E01000750,22
736,E01000751,111
737,E01000752,64
738,E01000753,51
739,E01000754,335
740,E01000755,40
741,E01000756,154
742,E01000757,64
743,E01000758,64
744,E01000759,55
745,E01000760,79
746,E01000761,38
747,E01000762,71
748,E01000763,150
749,E01000764,61
750,E01000765,184
751,E01000766,47
752,E01000767,62
753,E01000768,47
754,E01000769,35
755,E01000770,112
756,E01000771,614
757,E01000772,99
758,E01000773,46
759,E01000774,59
760,E01000775,104
761,E01000777,72
762,E01000778,60
763,E01000779,89
764,E01000780,45
765,E01000781,43
766,E01000782,46
767,E01000783,33
768,E01000784,49
769,E01000785,46
770,E01000786,59
771,E01000787,41
772,E01000788,330
773,E01000789,40
774,E01000790,900
775,E01000791,34
776,E01000792,58
777,E01000793,59
778,E01000794,60
779,E01000795,51
780,E01000796,55
781,E01000797,143
782,E01000798,72
783,E01000799,158
784,E01000800,97
785,E01000801,63
786,E01000802,113
787,E01000803,83
788,E01000804,205
789,E01000805,57
790,E01000806,80
791,E01000807,294
792,E01000808,56
793,E01000809,63
794,E01000810,75
795,E01000811,151
796,E01000812,108
797,E01000813,53
798,E01000814,70
799,E01000815,168
800,E01000816,72
801,E01000818,76
802,E01000819,65
803,E01000820,93
804,E01000822,71
805,E01000823,98
806,E01000824,650
807,E01000825,101
808,E01000826,91
809,E01000827,95
810,E01000828,82
811,E01000829,96
812,E01000830,88
813,E01000831,82
814,E01000832,66
815,E01000833,70
816,E01000834,45
817,E01000835,370
818,E01000836,43
819,E01000837,100
820,E01000838,59
821,E01000839,48
822,E01000840,56
823,E01000841,188
824,E01000842,147
825,E01000843,94
826,E01000844,140
827,E01000845,156
828,E01000846,46
829,E01000847,60
830,E01000848,155
831,E01000849,677
832,E01000850,5730
833,E01000851,2999
834,E01000852,444
835,E01000853,458
836,E01000854,1609
837,E01000855,1226
838,E01000856,488
839,E01000857,108
840,E01000858,200
841,E01000859,216
842,E01000860,75
843,E01000861,438
844,E01000862,782
845,E01000863,829
846,E01000864,89
847,E01000865,117
848,E01000866,430
849,E01000867,123
850,E01000868,54
851,E01000869,120
852,E01000870,83
853,E01000871,104
854,E01000872,158
855,E01000873,405
856,E01000874,177
857,E01000875,77
858,E01000876,448
859,E01000877,121
860,E01000878,91
861,E01000879,158
862,E01000880,95
863,E01000881,1048
864,E01000882,210
865,E01000883,2026
866,E01000884,129
867,E01000885,97
868,E01000886,107
869,E01000887,104
870,E01000888,92
871,E01000889,62
872,E01000890,22
873,E01000891,60
874,E01000892,127
875,E01000893,142
876,E01000894,162
877,E01000895,207
878,E01000896,367
879,E01000897,153
880,E01000898,106
881,E01000899,158
882,E01000900,77
883,E01000901,69
884,E01000902,126
885,E01000903,85
886,E01000904,169
887,E01000905,50
888,E01000906,215
889,E01000907,40
890,E01000908,79
891,E01000909,112
892,E01000910,82
893,E01000911,69
894,E01000912,91
895,E01000913,212
896,E01000914,15595
897,E01000915,556
898,E01000916,4238
899,E01000917,540
900,E01000918,26503
901,E01000919,2562
902,E01000920,1522
903,E01000921,211
904,E01000922,190
905,E01000923,81
906,E01000924,255
907,E01000925,90
908,E01000926,115
909,E01000927,114
910,E01000928,266
911,E01000929,129
912,E01000930,241
913,E01000931,147
914,E01000932,123
915,E01000933,329
916,E01000934,517
917,E01000935,52
918,E01000936,1005
919,E01000937,67
920,E01000938,221
921,E01000939,534
922,E01000940,60
923,E01000941,61
924,E01000942,438
925,E01000943,3286
926,E01000944,36
927,E01000945,382
928,E01000946,3365
929,E01000947,455
930,E01000948,127
931,E01000949,43
932,E01000950,71
933,E01000951,49
934,E01000952,43
935,E01000953,594
936,E01000954,193
937,E01000955,42
938,E01000956,242
939,E01000957,91
940,E01000958,341
941,E01000959,52
942,E01000960,1240
943,E01000961,104
944,E01000962,258
945,E01000963,149
946,E01000964,125
947,E01000965,91
948,E01000966,134
949,E01000967,103
950,E01000968,115
951,E01000969,360
952,E01000970,159
953,E01000971,86
954,E01000972,262
955,E01000973,265
956,E01000974,605
957,E01000975,147
958,E01000976,221
959,E01000977,102
960,E01000978,79
961,E01000979,116
962,E01000980,63
963,E01000981,65
964,E01000982,50
965,E01000983,100
966,E01000984,74
967,E01000985,46
968,E01000986,273
969,E01000987,49
970,E01000989,65
971,E01000990,45
972,E01000991,81
973,E01000992,72
974,E01000993,83
975,E01000994,44
976,E01000995,91
977,E01000996,48
978,E01000997,55
979,E01000998,54
980,E01000999,45
981,E01001000,117
982,E01001001,50
983,E01001002,58
984,E01001003,136
985,E01001004,89
986,E01001005,71
987,E01001006,77
988,E01001007,78
989,E01001008,59
990,E01001009,74
991,E01001010,206
992,E01001011,154
993,E01001012,405
994,E01001013,174
995,E01001014,465
996,E01001015,64
997,E01001016,364
998,E01001017,70
999,E01001018,53
1000,E01001019,54
1001,E01001020,92
1002,E01001021,23
1003,E01001022,53
1004,E01001023,305
1005,E01001024,44
1006,E01001025,40
1007,E01001026,45
1008,E01001027,179
1009,E01001028,119
1010,E01001029,138
1011,E01001030,113
1012,E01001031,65
1013,E01001032,61
1014,E01001033,405
1015,E01001034,368
1016,E01001035,101
1017,E01001036,104
1018,E01001037,135
1019,E01001038,102
1020,E01001039,97
1021,E01001040,93
1022,E01001041,125
1023,E01001042,153
1024,E01001043,1962
1025,E01001044,139
1026,E01001045,2757
1027,E01001046,122
1028,E01001047,1900
1029,E01001048,427
1030,E01001049,219
1031,E01001050,105
1032,E01001051,40
1033,E01001052,30
1034,E01001053,30
1035,E01001054,45
1036,E01001055,29
1037,E01001056,38
1038,E01001057,26
1039,E01001058,40
1040,E01001059,32
1041,E01001060,69
1042,E01001061,58
1043,E01001062,125
1044,E01001063,147
1045,E01001064,99
1046,E01001065,47
1047,E01001066,50
1048,E01001067,185
1049,E01001068,90
1050,E01001069,82
1051,E01001070,70
1052,E01001071,54
1053,E01001072,428
1054,E01001073,70
1055,E01001074,151
1056,E01001075,118
1057,E01001076,54
1058,E01001077,53
1059,E01001078,36
1060,E01001079,71
1061,E01001080,18
1062,E01001081,32
1063,E01001082,80
1064,E01001083,76
1065,E01001084,115
1066,E01001085,145
1067,E01001086,64
1068,E01001087,291
1069,E01001088,71
1070,E01001089,108
1071,E01001090,93
1072,E01001091,111
1073,E01001092,164
1074,E01001093,198
1075,E01001094,131
1076,E01001095,156
1077,E01001096,88
1078,E01001097,3572
1079,E01001098,108
1080,E01001099,61
1081,E01001100,60
1082,E01001101,56
1083,E01001102,253
1084,E01001103,47
1085,E01001104,66
1086,E01001105,58
1087,E01001106,62
1088,E01001107,93
1089,E01001108,142
1090,E01001109,143
1091,E01001110,82
1092,E01001111,78
1093,E01001112,88
1094,E01001113,68
1095,E01001114,73
1096,E01001115,80
1097,E01001116,86
1098,E01001117,190
1099,E01001118,295
1100,E01001119,29
1101,E01001120,34
1102,E01001121,64
1103,E01001122,75
1104,E01001123,63
1105,E01001124,59
1106,E01001125,96
1107,E01001126,54
1108,E01001127,72
1109,E01001128,25
1110,E01001129,60
1111,E01001130,31
1112,E01001131,41
1113,E01001132,59
1114,E01001133,69
1115,E01001134,128
1116,E01001135,450
1117,E01001136,212
1118,E01001137,106
1119,E01001138,79
1120,E01001139,68
1121,E01001140,81
1122,E01001141,60
1123,E01001142,151
1124,E01001143,101
1125,E01001144,93
1126,E01001145,118
1127,E01001146,43
1128,E01001147,116
1129,E01001148,66
1130,E01001149,79
1131,E01001150,94
1132,E01001151,101
1133,E01001152,103
1134,E01001153,84
1135,E01001154,117
1136,E01001155,99
1137,E01001156,56
1138,E01001157,98
1139,E01001158,67
1140,E01001159,141
1141,E01001160,102
1142,E01001161,81
1143,E01001162,88
1144,E01001163,285
1145,E01001164,957
1146,E01001165,93
1147,E01001166,130
1148,E01001167,233
1149,E01001168,152
1150,E01001169,39
1151,E01001170,112
1152,E01001171,68
1153,E01001172,890
1154,E01001173,145
1155,E01001174,73
1156,E01001175,64
1157,E01001176,95
1158,E01001177,422
1159,E01001178,45
1160,E01001179,58
1161,E01001180,123
1162,E01001181,93
1163,E01001182,71
1164,E01001183,134
1165,E01001184,41
1166,E01001185,152
1167,E01001186,79
1168,E01001187,63
1169,E01001188,92
1170,E01001189,45
1171,E01001190,63
1172,E01001191,121
1173,E01001192,56
1174,E01001193,82
1175,E01001194,66
1176,E01001195,70
1177,E01001196,223
1178,E01001197,75
1179,E01001198,183
1180,E01001199,83
1181,E01001200,126
1182,E01001201,85
1183,E01001202,177
1184,E01001203,498
1185,E01001204,72
1186,E01001205,69
1187,E01001206,29
1188,E01001207,101
1189,E01001208,83
1190,E01001209,113
1191,E01001210,37
1192,E01001211,80
1193,E01001212,75
1194,E01001213,53
1195,E01001214,96
1196,E01001215,104
1197,E01001216,49
1198,E01001217,64
1199,E01001218,62
1200,E01001219,54
1201,E01001220,49
1202,E01001221,475
1203,E01001222,1255
1204,E01001223,143
1205,E01001224,90
1206,E01001225,200
1207,E01001226,102
1208,E01001227,94
1209,E01001228,138
1210,E01001229,63
1211,E01001230,136
1212,E01001231,144
1213,E01001232,62
1214,E01001233,90
1215,E01001234,140
1216,E01001235,163
1217,E01001236,118
1218,E01001237,131
1219,E01001238,261
1220,E01001239,138
1221,E01001240,101
1222,E01001241,67
1223,E01001242,77
1224,E01001243,115
1225,E01001244,96
1226,E01001245,298
1227,E01001246,1213
1228,E01001247,875
1229,E01001248,164
1230,E01001249,160
1231,E01001250,103
1232,E01001251,225
1233,E01001252,278
1234,E01001253,92
1235,E01001254,77
1236,E01001255,62
1237,E01001257,59
1238,E01001258,68
1239,E01001259,140
1240,E01001260,113
1241,E01001261,229
1242,E01001262,50
1243,E01001263,64
1244,E01001264,90
1245,E01001265,155
1246,E01001266,109
1247,E01001267,75
1248,E01001268,82
1249,E01001269,118
1250,E01001270,80
1251,E01001271,81
1252,E01001272,279
1253,E01001273,324
1254,E01001274,147
1255,E01001275,121
1256,E01001276,559
1257,E01001277,390
1258,E01001278,398
1259,E01001279,117
1260,E01001280,113
1261,E01001281,110
1262,E01001282,52
1263,E01001283,65
1264,E01001284,91
1265,E01001285,72
1266,E01001286,64
1267,E01001287,34
1268,E01001288,65
1269,E01001289,71
1270,E01001290,143
1271,E01001291,80
1272,E01001292,67
1273,E01001293,87
1274,E01001294,82
1275,E01001295,57
1276,E01001296,48
1277,E01001297,99
1278,E01001298,72
1279,E01001299,175
1280,E01001300,125
1281,E01001301,144
1282,E01001302,177
1283,E01001303,185
1284,E01001304,79
1285,E01001305,85
1286,E01001306,72
1287,E01001307,224
1288,E01001308,253
1289,E01001309,99
1290,E01001310,77
1291,E01001311,70
1292,E01001312,171
1293,E01001313,82
1294,E01001314,78
1295,E01001315,65
1296,E01001316,62
1297,E01001317,125
1298,E01001318,73
1299,E01001319,64
1300,E01001320,43
1301,E01001321,102
1302,E01001322,174
1303,E01001323,135
1304,E01001324,51
1305,E01001325,99
1306,E01001326,74
1307,E01001327,91
1308,E01001328,66
1309,E01001329,79
1310,E01001330,46
1311,E01001331,42
1312,E01001332,54
1313,E01001333,133
1314,E01001334,42
1315,E01001335,97
1316,E01001336,104
1317,E01001337,159
1318,E01001338,293
1319,E01001339,73
1320,E01001340,60
1321,E01001341,234
1322,E01001342,105
1323,E01001343,135
1324,E01001344,139
1325,E01001345,93
1326,E01001346,73
1327,E01001347,338
1328,E01001348,94
1329,E01001349,62
1330,E01001350,67
1331,E01001351,265
1332,E01001352,172
1333,E01001353,106
1334,E01001354,109
1335,E01001355,125
1336,E01001356,61
1337,E01001357,77
1338,E01001358,255
1339,E01001359,148
1340,E01001360,69
1341,E01001361,852
1342,E01001362,90
1343,E01001363,56
1344,E01001364,72
1345,E01001365,91
1346,E01001366,187
1347,E01001367,321
1348,E01001368,69
1349,E01001369,106
1350,E01001370,183
1351,E01001371,93
1352,E01001372,100
1353,E01001373,101
1354,E01001374,120
1355,E01001375,109
1356,E01001376,80
1357,E01001377,107
1358,E01001379,233
1359,E01001380,120
1360,E01001381,734
1361,E01001382,108
1362,E01001383,122
1363,E01001384,101
1364,E01001385,139
1365,E01001386,331
1366,E01001387,213
1367,E01001388,117
1368,E01001389,471
1369,E01001390,89
1370,E01001391,71
1371,E01001392,83
1372,E01001393,186
1373,E01001394,215
1374,E01001395,62
1375,E01001396,142
1376,E01001397,81
1377,E01001398,45
1378,E01001399,51
1379,E01001400,68
1380,E01001401,35
1381,E01001402,98
1382,E01001403,40
1383,E01001404,83
1384,E01001405,59
1385,E01001406,111
1386,E01001407,78
1387,E01001408,97
1388,E01001409,57
1389,E01001410,43
1390,E01001411,254
1391,E01001412,218
1392,E01001413,66
1393,E01001414,22
1394,E01001415,933
1395,E01001416,144
1396,E01001417,175
1397,E01001418,76
1398,E01001419,129
1399,E01001420,97
1400,E01001421,73
1401,E01001422,129
1402,E01001423,74
1403,E01001424,42
1404,E01001425,189
1405,E01001426,48
1406,E01001427,273
1407,E01001428,88
1408,E01001429,634
1409,E01001430,35
1410,E01001431,48
1411,E01001432,114
1412,E01001433,47
1413,E01001434,49
1414,E01001435,45
1415,E01001436,65
1416,E01001437,230
1417,E01001438,75
1418,E01001439,127
1419,E01001440,132
1420,E01001441,56
1421,E01001442,58
1422,E01001444,64
1423,E01001445,546
1424,E01001446,56
1425,E01001447,66
1426,E01001448,57
1427,E01001449,54
1428,E01001450,160
1429,E01001451,220
1430,E01001452,82
1431,E01001453,90
1432,E01001454,346
1433,E01001455,70
1434,E01001456,231
1435,E01001457,93
1436,E01001458,61
1437,E01001459,112
1438,E01001460,67
1439,E01001461,54
1440,E01001462,65
1441,E01001463,138
1442,E01001464,45
1443,E01001465,121
1444,E01001466,43
1445,E01001467,47
1446,E01001468,87
1447,E01001469,48
1448,E01001470,72
1449,E01001471,74
1450,E01001472,317
1451,E01001473,60
1452,E01001474,109
1453,E01001475,86
1454,E01001476,71
1455,E01001477,76
1456,E01001478,39
1457,E01001479,213
1458,E01001480,54
1459,E01001481,56
1460,E01001482,44
1461,E01001483,36
1462,E01001484,178
1463,E01001485,51
1464,E01001486,69
1465,E01001487,78
1466,E01001488,62
1467,E01001489,123
1468,E01001491,58
1469,E01001492,107
1470,E01001493,550
1471,E01001494,59
1472,E01001495,370
1473,E01001496,98
1474,E01001497,65
1475,E01001498,1743
1476,E01001499,95
1477,E01001500,65
1478,E01001501,207
1479,E01001502,83
1480,E01001503,72
1481,E01001504,201
1482,E01001505,48
1483,E01001506,114
1484,E01001507,118
1485,E01001508,154
1486,E01001509,50
1487,E01001510,19
1488,E01001511,224
1489,E01001512,212
1490,E01001513,85
1491,E01001514,66
1492,E01001515,67
1493,E01001516,149
1494,E01001517,48
1495,E01001518,71
1496,E01001519,5421
1497,E01001520,911
1498,E01001521,109
1499,E01001522,76
1500,E01001523,174
1501,E01001524,87
1502,E01001525,107
1503,E01001526,126
1504,E01001527,325
1505,E01001528,58
1506,E01001529,90
1507,E01001530,48
1508,E01001531,82
1509,E01001532,160
1510,E01001533,214
1511,E01001534,113
1512,E01001535,118
1513,E01001536,431
1514,E01001537,67
1515,E01001538,36
1516,E01001539,56
1517,E01001540,114
1518,E01001541,52
1519,E01001542,125
1520,E01001543,63
1521,E01001544,275
1522,E01001545,39
1523,E01001546,47
1524,E01001547,78
1525,E01001548,62
1526,E01001549,53
1527,E01001550,26
1528,E01001551,169
1529,E01001552,137
1530,E01001553,90
1531,E01001554,51
1532,E01001555,81
1533,E01001556,84
1534,E01001557,50
1535,E01001558,84
1536,E01001559,250
1537,E01001560,58
1538,E01001562,50
1539,E01001563,1338
1540,E01001564,99
1541,E01001565,107
1542,E01001566,107
1543,E01001567,160
1544,E01001568,173
1545,E01001569,2053
1546,E01001570,81
1547,E01001571,88
1548,E01001572,87
1549,E01001573,57
1550,E01001574,76
1551,E01001575,93
1552,E01001576,78
1553,E01001577,87
1554,E01001578,132
1555,E01001579,71
1556,E01001580,134
1557,E01001581,264
1558,E01001582,61
1559,E01001583,121
1560,E01001584,189
1561,E01001585,68
1562,E01001586,56
1563,E01001587,106
1564,E01001588,60
1565,E01001589,98
1566,E01001590,112
1567,E01001591,91
1568,E01001592,76
1569,E01001593,94
1570,E01001594,79
1571,E01001595,69
1572,E01001596,60
1573,E01001597,113
1574,E01001598,76
1575,E01001599,356
1576,E01001600,64
1577,E01001601,70
1578,E01001602,54
1579,E01001603,52
1580,E01001604,93
1581,E01001605,41
1582,E01001606,60
1583,E01001607,46
1584,E01001608,118
1585,E01001609,216
1586,E01001610,44
1587,E01001611,51
1588,E01001613,58
1589,E01001614,60
1590,E01001615,357
1591,E01001617,67
1592,E01001618,48
1593,E01001619,274
1594,E01001620,53
1595,E01001621,65
1596,E01001623,60
1597,E01001624,49
1598,E01001625,194
1599,E01001629,71
1600,E01001631,127
1601,E01001632,64
1602,E01001633,72
1603,E01001634,46
1604,E01001635,69
1605,E01001636,73
1606,E01001637,61
1607,E01001638,63
1608,E01001640,197
1609,E01001641,477
1610,E01001642,105
1611,E01001644,184
1612,E01001645,70
1613,E01001646,114
1614,E01001647,71
1615,E01001648,88
1616,E01001649,74
1617,E01001650,73
1618,E01001651,65
1619,E01001652,114
1620,E01001653,46
1621,E01001654,57
1622,E01001655,38
1623,E01001656,47
1624,E01001657,94
1625,E01001658,71
1626,E01001659,64
1627,E01001660,50
1628,E01001661,53
1629,E01001662,182
1630,E01001664,161
1631,E01001665,115
1632,E01001666,94
1633,E01001667,260
1634,E01001668,172
1635,E01001669,96
1636,E01001671,59
1637,E01001672,85
1638,E01001673,199
1639,E01001674,65
1640,E01001675,152
1641,E01001676,110
1642,E01001677,81
1643,E01001678,55
1644,E01001679,50
1645,E01001680,77
1646,E01001681,50
1647,E01001682,63
1648,E01001683,64
1649,E01001684,51
1650,E01001685,46
1651,E01001686,103
1652,E01001687,99
1653,E01001688,172
1654,E01001690,74
1655,E01001692,70
1656,E01001693,87
1657,E01001694,87
1658,E01001695,51
1659,E01001696,248
1660,E01001697,90
1661,E01001698,88
1662,E01001699,34
1663,E01001700,99
1664,E01001701,98
1665,E01001702,67
1666,E01001703,67
1667,E01001704,81
1668,E01001705,93
1669,E01001706,39
1670,E01001708,62
1671,E01001709,256
1672,E01001710,81
1673,E01001711,145
1674,E01001712,142
1675,E01001713,63
1676,E01001714,38
1677,E01001715,95
1678,E01001716,64
1679,E01001717,50
1680,E01001718,227
1681,E01001719,52
1682,E01001720,147
1683,E01001722,94
1684,E01001723,119
1685,E01001724,448
1686,E01001725,178
1687,E01001726,52
1688,E01001727,251
1689,E01001728,181
1690,E01001729,92
1691,E01001730,72
1692,E01001731,223
1693,E01001732,83
1694,E01001733,136
1695,E01001734,162
1696,E01001735,81
1697,E01001736,96
1698,E01001737,101
1699,E01001738,126
1700,E01001739,150
1701,E01001740,46
1702,E01001741,94
1703,E01001742,166
1704,E01001744,91
1705,E01001745,226
1706,E01001746,53
1707,E01001747,172
1708,E01001748,311
1709,E01001749,81
1710,E01001750,163
1711,E01001751,101
1712,E01001752,243
1713,E01001753,83
1714,E01001754,296
1715,E01001755,104
1716,E01001756,348
1717,E01001757,31
1718,E01001758,100
1719,E01001759,139
1720,E01001760,149
1721,E01001761,119
1722,E01001762,130
1723,E01001763,115
1724,E01001764,79
1725,E01001765,69
1726,E01001767,95
1727,E01001768,124
1728,E01001769,80
1729,E01001770,72
1730,E01001772,80
1731,E01001773,395
1732,E01001774,146
1733,E01001775,59
1734,E01001776,121
1735,E01001777,192
1736,E01001779,35865
1737,E01001780,1324
1738,E01001781,54
1739,E01001782,273
1740,E01001783,59
1741,E01001784,120
1742,E01001785,60
1743,E01001786,94
1744,E01001787,35
1745,E01001788,48
1746,E01001789,72
1747,E01001790,45
1748,E01001791,48
1749,E01001792,97
1750,E01001793,73
1751,E01001794,106
1752,E01001795,124
1753,E01001796,108
1754,E01001798,76
1755,E01001799,140
1756,E01001800,123
1757,E01001801,82
1758,E01001802,94
1759,E01001803,123
1760,E01001804,229
1761,E01001805,410
1762,E01001806,71
1763,E01001807,89
1764,E01001808,364
1765,E01001809,177
1766,E01001811,28
1767,E01001812,131
1768,E01001813,52
1769,E01001814,435
1770,E01001815,59
1771,E01001816,81
1772,E01001819,77
1773,E01001820,52
1774,E01001821,44
1775,E01001822,58
1776,E01001823,189
1777,E01001824,149
1778,E01001825,191
1779,E01001826,517
1780,E01001827,123
1781,E01001828,82
1782,E01001829,126
1783,E01001830,134
1784,E01001831,173
1785,E01001832,107
1786,E01001833,117
1787,E01001834,131
1788,E01001835,62
1789,E01001836,128
1790,E01001837,71
1791,E01001838,48
1792,E01001839,194
1793,E01001840,82
1794,E01001841,83
1795,E01001842,51
1796,E01001843,42
1797,E01001844,96
1798,E01001845,47
1799,E01001846,65
1800,E01001847,63
1801,E01001848,92
1802,E01001849,256
1803,E01001850,44
1804,E01001851,363
1805,E01001852,457
1806,E01001853,107
1807,E01001854,260
1808,E01001855,205
1809,E01001856,94
1810,E01001857,203
1811,E01001858,186
1812,E01001859,119
1813,E01001860,222
1814,E01001861,91
1815,E01001862,104
1816,E01001863,79
1817,E01001864,83
1818,E01001865,205
1819,E01001866,646
1820,E01001867,190
1821,E01001868,48
1822,E01001869,176
1823,E01001870,373
1824,E01001871,591
1825,E01001872,105
1826,E01001873,99
1827,E01001874,253
1828,E01001875,301
1829,E01001876,63
1830,E01001877,734
1831,E01001878,47
1832,E01001879,69
1833,E01001880,127
1834,E01001881,155
1835,E01001882,171
1836,E01001883,682
1837,E01001884,151
1838,E01001885,25
1839,E01001886,43
1840,E01001887,53
1841,E01001888,111
1842,E01001889,103
1843,E01001890,87
1844,E01001891,428
1845,E01001892,51
1846,E01001893,56
1847,E01001894,253
1848,E01001895,153
1849,E01001896,153
1850,E01001897,74
1851,E01001898,1784
1852,E01001899,133
1853,E01001900,201
1854,E01001901,113
1855,E01001902,166
1856,E01001903,117
1857,E01001904,120
1858,E01001905,90
1859,E01001906,129
1860,E01001907,73
1861,E01001908,117
1862,E01001909,149
1863,E01001910,135
1864,E01001911,56
1865,E01001912,67
1866,E01001913,85
1867,E01001914,314
1868,E01001915,454
1869,E01001916,219
1870,E01001917,72
1871,E01001918,109
1872,E01001919,112
1873,E01001920,532
1874,E01001921,183
1875,E01001922,125
1876,E01001923,201
1877,E01001924,105
1878,E01001925,375
1879,E01001926,101
1880,E01001927,80
1881,E01001928,101
1882,E01001929,130
1883,E01001930,258
1884,E01001931,70
1885,E01001932,244
1886,E01001933,204
1887,E01001934,262
1888,E01001935,107
1889,E01001937,133
1890,E01001938,83
1891,E01001939,366
1892,E01001940,94
1893,E01001941,228
1894,E01001942,170
1895,E01001943,253
1896,E01001944,73
1897,E01001945,125
1898,E01001946,136
1899,E01001947,44
1900,E01001948,715
1901,E01001949,132
1902,E01001950,174
1903,E01001951,126
1904,E01001952,534
1905,E01001953,253
1906,E01001954,75
1907,E01001955,62
1908,E01001956,62
1909,E01001957,46
1910,E01001958,132
1911,E01001959,62
1912,E01001960,82
1913,E01001961,50
1914,E01001962,58
1915,E01001963,94
1916,E01001964,172
1917,E01001965,81
1918,E01001966,86
1919,E01001967,131
1920,E01001968,146
1921,E01001969,206
1922,E01001970,187
1923,E01001971,78
1924,E01001972,95
1925,E01001973,627
1926,E01001974,203
1927,E01001975,98
1928,E01001976,53
1929,E01001977,62
1930,E01001978,85
1931,E01001979,333
1932,E01001980,68
1933,E01001981,71
1934,E01001982,79
1935,E01001983,67
1936,E01001984,89
1937,E01001985,152
1938,E01001986,89
1939,E01001987,121
1940,E01001988,111
1941,E01001989,107
1942,E01001990,272
1943,E01001991,121
1944,E01001992,86
1945,E01001993,86
1946,E01001994,344
1947,E01001995,96
1948,E01001996,83
1949,E01001997,178
1950,E01001998,97
1951,E01001999,325
1952,E01002000,79
1953,E01002001,99
1954,E01002002,147
1955,E01002003,402
1956,E01002004,71
1957,E01002005,158
1958,E01002006,86
1959,E01002007,152
1960,E01002008,90
1961,E01002009,607
1962,E01002010,102
1963,E01002011,188
1964,E01002013,79
1965,E01002014,138
1966,E01002015,62
1967,E01002016,129
1968,E01002017,118
1969,E01002018,45
1970,E01002019,103
1971,E01002020,133
1972,E01002021,82
1973,E01002022,233
1974,E01002023,90
1975,E01002024,79
1976,E01002025,118
1977,E01002026,87
1978,E01002027,60
1979,E01002028,83
1980,E01002029,1062
1981,E01002030,101
1982,E01002031,190
1983,E01002032,65
1984,E01002033,51
1985,E01002034,423
1986,E01002036,95
1987,E01002037,296
1988,E01002038,166
1989,E01002039,35
1990,E01002040,57
1991,E01002041,53
1992,E01002042,81
1993,E01002043,94
1994,E01002044,95
1995,E01002045,98
1996,E01002046,155
1997,E01002047,107
1998,E01002048,145
1999,E01002049,66
2000,E01002050,213
2001,E01002051,137
2002,E01002052,1169
2003,E01002053,67
2004,E01002054,66
2005,E01002055,522
2006,E01002056,286
2007,E01002057,120
2008,E01002058,194
2009,E01002059,82
2010,E01002060,138
2011,E01002061,105
2012,E01002062,133
2013,E01002063,92
2014,E01002064,93
2015,E01002065,140
2016,E01002066,212
2017,E01002067,82
2018,E01002068,384
2019,E01002069,247
2020,E01002070,475
2021,E01002071,97
2022,E01002072,261
2023,E01002073,67
2024,E01002074,64
2025,E01002075,84
2026,E01002076,59
2027,E01002077,117
2028,E01002078,79
2029,E01002079,73
2030,E01002080,1375
2031,E01002081,78
2032,E01002082,39
2033,E01002083,81
2034,E01002084,77
2035,E01002085,840
2036,E01002086,205
2037,E01002087,131
2038,E01002088,366
2039,E01002089,28
2040,E01002090,86
2041,E01002091,62
2042,E01002092,79
2043,E01002093,52
2044,E01002094,38
2045,E01002095,46
2046,E01002096,42
2047,E01002097,84
2048,E01002098,348
2049,E01002099,63
2050,E01002100,98
2051,E01002101,71
2052,E01002102,149
2053,E01002103,132
2054,E01002104,74
2055,E01002105,791
2056,E01002106,388
2057,E01002107,130
2058,E01002108,119
2059,E01002109,160
2060,E01002110,133
2061,E01002111,137
2062,E01002112,439
2063,E01002113,242
2064,E01002114,119
2065,E01002115,113
2066,E01002116,176
2067,E01002117,1405
2068,E01002118,990
2069,E01002119,2284
2070,E01002120,60
2071,E01002121,100
2072,E01002122,126
2073,E01002123,186
2074,E01002124,88
2075,E01002125,128
2076,E01002126,2782
2077,E01002127,118
2078,E01002128,352
2079,E01002129,4861
2080,E01002130,1534
2081,E01002131,62
2082,E01002132,417
2083,E01002133,539
2084,E01002134,106
2085,E01002135,240
2086,E01002136,132
2087,E01002137,452
2088,E01002138,83
2089,E01002139,44
2090,E01002140,98
2091,E01002141,117
2092,E01002142,167
2093,E01002143,77
2094,E01002144,162
2095,E01002145,135
2096,E01002146,110
2097,E01002147,147
2098,E01002148,89
2099,E01002149,82
2100,E01002150,664
2101,E01002151,63
2102,E01002152,135
2103,E01002153,126
2104,E01002154,188
2105,E01002155,89
2106,E01002156,113
2107,E01002157,717
2108,E01002158,137
2109,E01002159,109
2110,E01002160,367
2111,E01002161,1052
2112,E01002162,284
2113,E01002163,128
2114,E01002164,107
2115,E01002165,216
2116,E01002166,84
2117,E01002167,69
2118,E01002168,61
2119,E01002169,80
2120,E01002170,94
2121,E01002171,288
2122,E01002172,76
2123,E01002173,88
2124,E01002174,238
2125,E01002175,617
2126,E01002176,245
2127,E01002177,241
2128,E01002178,109
2129,E01002179,377
2130,E01002180,247
2131,E01002181,900
2132,E01002182,237
2133,E01002183,99
2134,E01002184,62
2135,E01002185,79
2136,E01002186,279
2137,E01002187,299
2138,E01002188,198
2139,E01002189,868
2140,E01002190,171
2141,E01002191,132
2142,E01002192,171
2143,E01002193,92
2144,E01002194,137
2145,E01002195,136
2146,E01002196,309
2147,E01002197,91
2148,E01002198,159
2149,E01002199,101
2150,E01002200,138
2151,E01002201,214
2152,E01002202,163
2153,E01002203,424
2154,E01002204,172
2155,E01002206,88
2156,E01002207,78
2157,E01002208,149
2158,E01002209,522
2159,E01002210,93
2160,E01002211,64
2161,E01002212,105
2162,E01002213,254
2163,E01002214,92
2164,E01002215,80
2165,E01002216,97
2166,E01002217,79
2167,E01002218,91
2168,E01002219,143
2169,E01002220,67
2170,E01002221,126
2171,E01002222,70
2172,E01002223,70
2173,E01002224,151
2174,E01002225,357
2175,E01002226,1358
2176,E01002227,58
2177,E01002228,159
2178,E01002229,318
2179,E01002230,128
2180,E01002231,81
2181,E01002232,348
2182,E01002233,217
2183,E01002234,97
2184,E01002235,59
2185,E01002236,321
2186,E01002237,157
2187,E01002238,108
2188,E01002239,150
2189,E01002240,82
2190,E01002241,85
2191,E01002242,202
2192,E01002243,386
2193,E01002244,64
2194,E01002245,90
2195,E01002246,70
2196,E01002247,257
2197,E01002248,102
2198,E01002249,176
2199,E01002250,106
2200,E01002251,42
2201,E01002252,56
2202,E01002253,82
2203,E01002254,56
2204,E01002255,35
2205,E01002256,88
2206,E01002257,100
2207,E01002258,24
2208,E01002259,56
2209,E01002260,82
2210,E01002261,80
2211,E01002262,45
2212,E01002263,54
2213,E01002264,31
2214,E01002265,48
2215,E01002266,42
2216,E01002267,40
2217,E01002268,52
2218,E01002269,102
2219,E01002270,115
2220,E01002271,96
2221,E01002272,46
2222,E01002273,635
2223,E01002274,95
2224,E01002275,82
2225,E01002276,67
2226,E01002277,63
2227,E01002278,40
2228,E01002279,40
2229,E01002280,38
2230,E01002281,117
2231,E01002282,42
2232,E01002283,87
2233,E01002284,64
2234,E01002285,455
2235,E01002286,26
2236,E01002287,153
2237,E01002288,26
2238,E01002289,46
2239,E01002290,40
2240,E01002291,394
2241,E01002292,38
2242,E01002293,350
2243,E01002294,48
2244,E01002295,60
2245,E01002296,133
2246,E01002297,82
2247,E01002298,96
2248,E01002299,60
2249,E01002300,79
2250,E01002301,45
2251,E01002302,59
2252,E01002303,69
2253,E01002304,62
2254,E01002305,61
2255,E01002306,46
2256,E01002307,62
2257,E01002308,57
2258,E01002309,63
2259,E01002310,72
2260,E01002311,70
2261,E01002312,76
2262,E01002313,63
2263,E01002314,68
2264,E01002315,58
2265,E01002316,271
2266,E01002317,36
2267,E01002318,234
2268,E01002319,99
2269,E01002320,42
2270,E01002321,112
2271,E01002322,56
2272,E01002323,56
2273,E01002324,55
2274,E01002325,56
2275,E01002326,103
2276,E01002327,32
2277,E01002328,67
2278,E01002329,77
2279,E01002330,53
2280,E01002331,45
2281,E01002332,62
2282,E01002333,52
2283,E01002334,70
2284,E01002335,34
2285,E01002336,47
2286,E01002337,194
2287,E01002338,55
2288,E01002339,41
2289,E01002340,50
2290,E01002341,36
2291,E01002342,51
2292,E01002343,50
2293,E01002344,236
2294,E01002345,156
2295,E01002346,46
2296,E01002347,53
2297,E01002348,41
2298,E01002349,31
2299,E01002350,192
2300,E01002351,90
2301,E01002352,55
2302,E01002353,428
2303,E01002354,67
2304,E01002355,68
2305,E01002356,650
2306,E01002358,121
2307,E01002359,37
2308,E01002360,174
2309,E01002361,854
2310,E01002362,49
2311,E01002363,33
2312,E01002364,92
2313,E01002365,31
2314,E01002366,31
2315,E01002367,104
2316,E01002368,133
2317,E01002369,74
2318,E01002370,389
2319,E01002371,94
2320,E01002372,41
2321,E01002373,47
2322,E01002374,46
2323,E01002375,47
2324,E01002376,61
2325,E01002377,76
2326,E01002378,49
2327,E01002379,105
2328,E01002380,91
2329,E01002381,38
2330,E01002382,149
2331,E01002383,47
2332,E01002384,62
2333,E01002385,97
2334,E01002386,740
2335,E01002387,67
2336,E01002388,52
2337,E01002389,37
2338,E01002390,47
2339,E01002391,59
2340,E01002392,41
2341,E01002393,61
2342,E01002394,73
2343,E01002395,46
2344,E01002396,117
2345,E01002397,372
2346,E01002398,65
2347,E01002399,83
2348,E01002400,106
2349,E01002401,136
2350,E01002402,54
2351,E01002403,90
2352,E01002404,59
2353,E01002405,104
2354,E01002406,699
2355,E01002407,203
2356,E01002408,65
2357,E01002409,94
2358,E01002410,367
2359,E01002411,51
2360,E01002412,100
2361,E01002413,82
2362,E01002414,75
2363,E01002415,45
2364,E01002416,54
2365,E01002417,405
2366,E01002418,80
2367,E01002419,108
2368,E01002420,44
2369,E01002421,78
2370,E01002422,74
2371,E01002423,178
2372,E01002424,57
2373,E01002425,43
2374,E01002426,105
2375,E01002427,59
2376,E01002428,61
2377,E01002429,42
2378,E01002430,45
2379,E01002431,79
2380,E01002432,197
2381,E01002433,223
2382,E01002434,51
2383,E01002435,172
2384,E01002436,85
2385,E01002437,85
2386,E01002438,151
2387,E01002439,76
2388,E01002440,60
2389,E01002441,91
2390,E01002442,47
2391,E01002443,149
2392,E01002444,328
2393,E01002445,45
2394,E01002446,95
2395,E01002447,276
2396,E01002448,100
2397,E01002449,244
2398,E01002450,53
2399,E01002451,75
2400,E01002452,134
2401,E01002453,57
2402,E01002454,72
2403,E01002455,229
2404,E01002456,52
2405,E01002457,147
2406,E01002458,87
2407,E01002459,72
2408,E01002460,83
2409,E01002461,121
2410,E01002462,48
2411,E01002463,78
2412,E01002464,62
2413,E01002465,71
2414,E01002466,57
2415,E01002467,39
2416,E01002468,112
2417,E01002469,312
2418,E01002470,440
2419,E01002471,54
2420,E01002472,483
2421,E01002473,230
2422,E01002474,539
2423,E01002475,94
2424,E01002476,146
2425,E01002477,207
2426,E01002478,146
2427,E01002479,86
2428,E01002480,272
2429,E01002481,69
2430,E01002482,172
2431,E01002483,295
2432,E01002484,199
2433,E01002485,726
2434,E01002486,93
2435,E01002487,93
2436,E01002488,70
2437,E01002489,193
2438,E01002490,130
2439,E01002491,64
2440,E01002492,110
2441,E01002493,48
2442,E01002494,72
2443,E01002495,147
2444,E01002496,192
2445,E01002497,299
2446,E01002498,51
2447,E01002499,107
2448,E01002501,262
2449,E01002502,65
2450,E01002503,94
2451,E01002504,143
2452,E01002505,169
2453,E01002506,324
2454,E01002507,571
2455,E01002508,56
2456,E01002509,102
2457,E01002511,73
2458,E01002512,111
2459,E01002513,136
2460,E01002514,295
2461,E01002515,253
2462,E01002516,112
2463,E01002518,72
2464,E01002519,55
2465,E01002520,622
2466,E01002521,575
2467,E01002523,62
2468,E01002525,126
2469,E01002526,98
2470,E01002527,73
2471,E01002528,67
2472,E01002529,143
2473,E01002530,59
2474,E01002531,99
2475,E01002532,148
2476,E01002533,55
2477,E01002534,124
2478,E01002535,1447
2479,E01002536,44
2480,E01002537,170
2481,E01002538,61
2482,E01002539,76
2483,E01002540,76
2484,E01002541,98
2485,E01002542,91
2486,E01002543,59
2487,E01002544,96
2488,E01002545,42
2489,E01002546,78
2490,E01002547,345
2491,E01002548,114
2492,E01002549,69
2493,E01002550,51
2494,E01002551,122
2495,E01002552,43
2496,E01002553,67
2497,E01002554,801
2498,E01002555,95
2499,E01002556,74
2500,E01002557,72
2501,E01002558,90
2502,E01002559,105
2503,E01002560,77
2504,E01002561,33
2505,E01002562,64
2506,E01002563,137
2507,E01002564,77
2508,E01002565,624
2509,E01002566,254
2510,E01002567,115
2511,E01002568,261
2512,E01002569,121
2513,E01002570,288
2514,E01002571,127
2515,E01002572,84
2516,E01002573,231
2517,E01002574,97
2518,E01002575,196
2519,E01002576,75
2520,E01002577,134
2521,E01002578,143
2522,E01002579,124
2523,E01002580,189
2524,E01002581,143
2525,E01002582,81
2526,E01002583,100
2527,E01002584,99
2528,E01002585,79
2529,E01002586,76
2530,E01002587,100
2531,E01002588,497
2532,E01002589,226
2533,E01002590,393
2534,E01002591,70
2535,E01002592,240
2536,E01002593,96
2537,E01002594,178
2538,E01002595,61
2539,E01002596,73
2540,E01002598,81
2541,E01002599,44
2542,E01002600,42
2543,E01002601,106
2544,E01002602,48
2545,E01002603,97
2546,E01002604,49
2547,E01002605,62
2548,E01002606,53
2549,E01002607,280
2550,E01002608,113
2551,E01002609,58
2552,E01002610,51
2553,E01002611,65
2554,E01002612,99
2555,E01002613,54
2556,E01002614,112
2557,E01002615,116
2558,E01002616,57
2559,E01002617,162
2560,E01002618,96
2561,E01002619,114
2562,E01002620,146
2563,E01002621,106
2564,E01002622,74
2565,E01002623,134
2566,E01002624,73
2567,E01002625,126
2568,E01002626,100
2569,E01002627,72
2570,E01002628,171
2571,E01002629,123
2572,E01002630,344
2573,E01002631,75
2574,E01002632,95
2575,E01002633,79
2576,E01002634,105
2577,E01002635,119
2578,E01002636,93
2579,E01002637,297
2580,E01002638,90
2581,E01002639,107
2582,E01002640,119
2583,E01002641,125
2584,E01002642,290
2585,E01002643,99
2586,E01002645,112
2587,E01002646,79
2588,E01002647,99
2589,E01002648,416
2590,E01002649,189
2591,E01002650,103
2592,E01002651,125
2593,E01002652,96
2594,E01002653,113
2595,E01002654,81
2596,E01002655,106
2597,E01002656,61
2598,E01002657,88
2599,E01002658,80
2600,E01002659,162
2601,E01002660,78
2602,E01002661,196
2603,E01002662,307
2604,E01002663,81
2605,E01002664,354
2606,E01002665,66
2607,E01002666,103
2608,E01002667,361
2609,E01002668,147
2610,E01002669,68
2611,E01002670,83
2612,E01002671,79
2613,E01002672,69
2614,E01002673,39
2615,E01002674,181
2616,E01002675,126
2617,E01002676,128
2618,E01002677,193
2619,E01002678,430
2620,E01002679,264
2621,E01002680,394
2622,E01002681,109
2623,E01002682,123
2624,E01002683,186
2625,E01002684,277
2626,E01002686,188
2627,E01002687,123
2628,E01002689,88
2629,E01002690,100
2630,E01002691,1220
2631,E01002692,218
2632,E01002693,781
2633,E01002694,64
2634,E01002695,155
2635,E01002696,281
2636,E01002697,78
2637,E01002698,120
2638,E01002699,109
2639,E01002700,99
2640,E01002701,20856
2641,E01002702,189
2642,E01002703,166
2643,E01002704,4895
2644,E01002706,4984
2645,E01002707,864
2646,E01002708,229
2647,E01002709,51
2648,E01002710,91
2649,E01002711,929
2650,E01002712,141
2651,E01002713,44
2652,E01002714,179
2653,E01002715,40
2654,E01002716,315
2655,E01002717,65
2656,E01002718,145
2657,E01002719,86
2658,E01002720,64
2659,E01002721,73
2660,E01002722,60
2661,E01002723,175
2662,E01002724,3678
2663,E01002725,83
2664,E01002726,2831
2665,E01002727,134
2666,E01002728,303
2667,E01002729,130
2668,E01002730,193
2669,E01002731,439
2670,E01002732,56
2671,E01002733,63
2672,E01002734,465
2673,E01002735,352
2674,E01002736,32
2675,E01002737,53
2676,E01002738,173
2677,E01002739,132
2678,E01002740,180
2679,E01002741,44
2680,E01002742,188
2681,E01002743,83
2682,E01002744,85
2683,E01002745,102
2684,E01002747,192
2685,E01002748,78
2686,E01002749,70
2687,E01002751,89
2688,E01002752,96
2689,E01002753,66
2690,E01002754,88
2691,E01002755,50
2692,E01002756,70
2693,E01002757,73
2694,E01002758,56
2695,E01002759,79
2696,E01002760,37
2697,E01002762,110
2698,E01002763,49
2699,E01002764,67
2700,E01002765,381
2701,E01002766,64
2702,E01002767,55
2703,E01002768,74
2704,E01002769,100
2705,E01002770,347
2706,E01002771,120
2707,E01002772,159
2708,E01002773,37
2709,E01002774,103
2710,E01002775,101
2711,E01002776,131
2712,E01002777,100
2713,E01002778,60
2714,E01002779,466
2715,E01002780,86
2716,E01002781,48
2717,E01002782,51
2718,E01002783,58
2719,E01002784,44
2720,E01002785,167
2721,E01002786,75
2722,E01002787,42
2723,E01002788,128
2724,E01002789,138
2725,E01002790,174
2726,E01002791,140
2727,E01002792,138
2728,E01002793,84
2729,E01002794,596
2730,E01002795,223
2731,E01002796,47
2732,E01002797,79
2733,E01002798,268
2734,E01002799,71
2735,E01002800,45
2736,E01002801,176
2737,E01002802,136
2738,E01002803,665
2739,E01002804,99
2740,E01002805,117
2741,E01002806,76
2742,E01002807,237
2743,E01002808,85
2744,E01002809,224
2745,E01002810,88
2746,E01002811,54
2747,E01002812,133
2748,E01002813,207
2749,E01002814,226
2750,E01002815,103
2751,E01002816,213
2752,E01002817,1009
2753,E01002818,515
2754,E01002819,518
2755,E01002820,192
2756,E01002821,597
2757,E01002822,82
2758,E01002823,76
2759,E01002824,362
2760,E01002825,392
2761,E01002826,417
2762,E01002827,423
2763,E01002828,432
2764,E01002829,139
2765,E01002830,95
2766,E01002831,180
2767,E01002832,140
2768,E01002833,136
2769,E01002834,85
2770,E01002835,276
2771,E01002836,143
2772,E01002837,127
2773,E01002838,67
2774,E01002839,150
2775,E01002840,143
2776,E01002841,274
2777,E01002842,31
2778,E01002843,192
2779,E01002844,88
2780,E01002845,100
2781,E01002846,101
2782,E01002847,109
2783,E01002848,103
2784,E01002849,149
2785,E01002850,379
2786,E01002851,116
2787,E01002852,805
2788,E01002853,43
2789,E01002854,196
2790,E01002855,134
2791,E01002856,137
2792,E01002857,24
2793,E01002858,210
2794,E01002859,416
2795,E01002860,331
2796,E01002861,115
2797,E01002862,102
2798,E01002863,225
2799,E01002864,131
2800,E01002865,196
2801,E01002866,127
2802,E01002867,159
2803,E01002868,104
2804,E01002869,183
2805,E01002870,216
2806,E01002871,216
2807,E01002872,69
2808,E01002873,126
2809,E01002874,97
2810,E01002875,102
2811,E01002876,129
2812,E01002877,217
2813,E01002878,123
2814,E01002879,55
2815,E01002880,47
2816,E01002881,70
2817,E01002882,93
2818,E01002883,126
2819,E01002884,107
2820,E01002885,326
2821,E01002886,158
2822,E01002887,104
2823,E01002888,1704
2824,E01002889,858
2825,E01002890,182
2826,E01002891,186
2827,E01002892,181
2828,E01002893,126
2829,E01002894,201
2830,E01002895,274
2831,E01002896,224
2832,E01002897,290
2833,E01002898,97
2834,E01002899,104
2835,E01002900,182
2836,E01002901,60
2837,E01002902,307
2838,E01002903,135
2839,E01002904,19
2840,E01002905,72
2841,E01002906,184
2842,E01002907,24
2843,E01002908,68
2844,E01002909,135
2845,E01002910,124
2846,E01002911,141
2847,E01002912,111
2848,E01002913,157
2849,E01002914,221
2850,E01002915,74
2851,E01002916,88
2852,E01002917,72
2853,E01002918,61
2854,E01002919,286
2855,E01002920,76
2856,E01002921,74
2857,E01002922,78
2858,E01002923,56
2859,E01002924,77
2860,E01002925,117
2861,E01002926,229
2862,E01002927,266
2863,E01002928,119
2864,E01002929,129
2865,E01002930,303
2866,E01002931,111
2867,E01002932,157
2868,E01002933,73
2869,E01002934,130
2870,E01002935,154
2871,E01002937,105
2872,E01002938,111
2873,E01002939,54
2874,E01002940,51
2875,E01002941,111
2876,E01002942,104
2877,E01002943,26
2878,E01002944,61
2879,E01002945,135
2880,E01002946,43
2881,E01002947,40
2882,E01002948,98
2883,E01002949,63
2884,E01002950,89
2885,E01002951,89
2886,E01002952,121
2887,E01002953,128
2888,E01002954,68
2889,E01002955,107
2890,E01002956,91
2891,E01002957,52
2892,E01002958,59
2893,E01002959,100
2894,E01002960,74
2895,E01002961,113
2896,E01002962,96
2897,E01002963,268
2898,E01002964,206
2899,E01002965,566
2900,E01002966,131
2901,E01002967,108
2902,E01002968,739
2903,E01002969,43
2904,E01002970,74
2905,E01002971,130
2906,E01002972,132
2907,E01002973,47
2908,E01002974,406
2909,E01002975,72
2910,E01002976,58
2911,E01002977,57
2912,E01002978,154
2913,E01002979,56
2914,E01002980,68
2915,E01002981,94
2916,E01002982,62
2917,E01002983,121
2918,E01002984,90
2919,E01002985,102
2920,E01002986,74
2921,E01002987,610
2922,E01002988,220
2923,E01002989,380
2924,E01002990,89
2925,E01002991,100
2926,E01002992,56
2927,E01002993,63
2928,E01002994,113
2929,E01002995,122
2930,E01002996,169
2931,E01002997,90
2932,E01002998,71
2933,E01002999,289
2934,E01003000,431
2935,E01003001,68
2936,E01003002,110
2937,E01003003,121
2938,E01003004,91
2939,E01003005,370
2940,E01003006,55
2941,E01003007,95
2942,E01003008,93
2943,E01003009,75
2944,E01003010,86
2945,E01003011,104
2946,E01003013,359
2947,E01003014,178
2948,E01003015,136
2949,E01003016,113
2950,E01003017,340
2951,E01003018,321
2952,E01003019,131
2953,E01003020,108
2954,E01003021,66
2955,E01003022,82
2956,E01003023,138
2957,E01003024,119
2958,E01003025,76
2959,E01003026,125
2960,E01003027,75
2961,E01003028,76
2962,E01003029,109
2963,E01003030,98
2964,E01003031,118
2965,E01003032,168
2966,E01003033,87
2967,E01003034,130
2968,E01003035,214
2969,E01003036,96
2970,E01003037,90
2971,E01003038,125
2972,E01003039,374
2973,E01003040,96
2974,E01003041,90
2975,E01003042,39
2976,E01003043,82
2977,E01003044,35
2978,E01003045,336
2979,E01003046,55
2980,E01003047,265
2981,E01003048,80
2982,E01003049,62
2983,E01003050,362
2984,E01003051,182
2985,E01003052,73
2986,E01003053,158
2987,E01003054,170
2988,E01003055,162
2989,E01003056,84
2990,E01003057,63
2991,E01003058,98
2992,E01003059,94
2993,E01003060,72
2994,E01003061,97
2995,E01003062,278
2996,E01003063,59
2997,E01003064,167
2998,E01003065,44
2999,E01003066,118
3000,E01003067,105
3001,E01003068,72
3002,E01003069,48
3003,E01003070,53
3004,E01003071,116
3005,E01003072,95
3006,E01003073,92
3007,E01003074,195
3008,E01003075,66
3009,E01003076,132
3010,E01003077,112
3011,E01003078,71
3012,E01003079,119
3013,E01003080,67
3014,E01003081,174
3015,E01003082,48
3016,E01003083,70
3017,E01003084,77
3018,E01003085,74
3019,E01003086,42
3020,E01003087,34
3021,E01003088,106
3022,E01003089,104
3023,E01003090,364
3024,E01003091,56
3025,E01003092,69
3026,E01003093,71
3027,E01003094,71
3028,E01003095,120
3029,E01003096,125
3030,E01003097,79
3031,E01003098,78
3032,E01003099,138
3033,E01003100,140
3034,E01003101,334
3035,E01003102,368
3036,E01003104,106
3037,E01003105,64
3038,E01003106,85
3039,E01003107,174
3040,E01003108,53
3041,E01003109,468
3042,E01003110,194
3043,E01003111,64
3044,E01003112,193
3045,E01003113,95
3046,E01003114,125
3047,E01003115,166
3048,E01003116,92
3049,E01003117,153
3050,E01003118,123
3051,E01003119,206
3052,E01003120,250
3053,E01003121,30
3054,E01003122,132
3055,E01003123,100
3056,E01003124,54
3057,E01003125,37
3058,E01003126,66
3059,E01003127,130
3060,E01003128,54
3061,E01003129,118
3062,E01003130,112
3063,E01003131,181
3064,E01003132,64
3065,E01003133,100
3066,E01003134,81
3067,E01003135,83
3068,E01003136,87
3069,E01003137,65
3070,E01003138,85
3071,E01003139,60
3072,E01003140,80
3073,E01003141,78
3074,E01003142,55
3075,E01003143,54
3076,E01003144,175
3077,E01003145,166
3078,E01003146,56
3079,E01003147,129
3080,E01003148,112
3081,E01003149,90
3082,E01003150,80
3083,E01003151,66
3084,E01003152,99
3085,E01003153,146
3086,E01003154,79
3087,E01003155,208
3088,E01003156,80
3089,E01003157,115
3090,E01003158,95
3091,E01003159,56
3092,E01003160,76
3093,E01003161,70
3094,E01003162,59
3095,E01003163,74
3096,E01003164,133
3097,E01003165,91
3098,E01003166,158
3099,E01003167,93
3100,E01003168,45
3101,E01003169,138
3102,E01003170,106
3103,E01003171,74
3104,E01003172,55
3105,E01003173,75
3106,E01003174,51
3107,E01003175,79
3108,E01003176,57
3109,E01003177,101
3110,E01003178,100
3111,E01003179,35
3112,E01003180,70
3113,E01003181,47
3114,E01003182,122
3115,E01003183,248
3116,E01003184,28
3117,E01003185,105
3118,E01003186,186
3119,E01003187,72
3120,E01003188,47
3121,E01003189,58
3122,E01003190,443
3123,E01003191,45
3124,E01003192,59
3125,E01003193,73
3126,E01003194,114
3127,E01003195,79
3128,E01003196,68
3129,E01003197,51
3130,E01003198,71
3131,E01003199,130
3132,E01003200,250
3133,E01003201,94
3134,E01003202,98
3135,E01003203,86
3136,E01003204,72
3137,E01003205,63
3138,E01003206,94
3139,E01003207,113
3140,E01003209,68
3141,E01003210,120
3142,E01003211,87
3143,E01003212,116
3144,E01003213,134
3145,E01003214,105
3146,E01003215,96
3147,E01003216,96
3148,E01003217,71
3149,E01003218,55
3150,E01003219,308
3151,E01003220,65
3152,E01003221,151
3153,E01003222,114
3154,E01003223,144
3155,E01003224,60
3156,E01003225,77
3157,E01003226,110
3158,E01003227,76
3159,E01003228,68
3160,E01003229,231
3161,E01003230,68
3162,E01003231,105
3163,E01003232,64
3164,E01003233,69
3165,E01003235,82
3166,E01003236,61
3167,E01003237,61
3168,E01003238,54
3169,E01003239,54
3170,E01003240,67
3171,E01003241,49
3172,E01003243,68
3173,E01003244,38
3174,E01003245,45
3175,E01003246,197
3176,E01003247,83
3177,E01003248,88
3178,E01003249,92
3179,E01003250,252
3180,E01003251,46
3181,E01003252,49
3182,E01003253,117
3183,E01003254,70
3184,E01003255,163
3185,E01003256,111
3186,E01003257,72
3187,E01003258,59
3188,E01003259,98
3189,E01003260,79
3190,E01003261,71
3191,E01003262,69
3192,E01003263,71
3193,E01003264,99
3194,E01003265,87
3195,E01003266,56
3196,E01003267,48
3197,E01003268,92
3198,E01003269,59
3199,E01003270,82
3200,E01003271,77
3201,E01003272,153
3202,E01003273,47
3203,E01003274,86
3204,E01003275,60
3205,E01003276,105
3206,E01003277,106
3207,E01003278,137
3208,E01003279,68
3209,E01003280,79
3210,E01003281,67
3211,E01003282,101
3212,E01003283,97
3213,E01003284,97
3214,E01003285,282
3215,E01003286,84
3216,E01003287,113
3217,E01003288,358
3218,E01003290,84
3219,E01003291,49
3220,E01003292,127
3221,E01003293,72
3222,E01003295,179
3223,E01003296,250
3224,E01003297,186
3225,E01003298,53
3226,E01003299,89
3227,E01003300,67
3228,E01003301,65
3229,E01003302,67
3230,E01003303,153
3231,E01003304,177
3232,E01003305,63
3233,E01003307,68
3234,E01003308,71
3235,E01003309,47
3236,E01003310,97
3237,E01003311,67
3238,E01003312,105
3239,E01003313,60
3240,E01003314,62
3241,E01003315,51
3242,E01003316,78
3243,E01003317,109
3244,E01003318,141
3245,E01003319,75
3246,E01003320,74
3247,E01003321,86
3248,E01003322,72
3249,E01003323,69
3250,E01003324,65
3251,E01003325,116
3252,E01003326,76
3253,E01003327,211
3254,E01003328,155
3255,E01003329,145
3256,E01003330,47
3257,E01003331,47
3258,E01003332,78
3259,E01003333,59
3260,E01003334,120
3261,E01003335,37
3262,E01003336,54
3263,E01003337,55
3264,E01003338,101
3265,E01003339,98
3266,E01003340,94
3267,E01003341,73
3268,E01003342,94
3269,E01003343,42
3270,E01003344,85
3271,E01003345,146
3272,E01003346,46
3273,E01003347,42
3274,E01003348,48
3275,E01003349,41
3276,E01003350,43
3277,E01003351,53
3278,E01003352,79
3279,E01003353,62
3280,E01003354,75
3281,E01003355,151
3282,E01003356,997
3283,E01003357,1007
3284,E01003358,299
3285,E01003359,117
3286,E01003360,253
3287,E01003361,229
3288,E01003362,56
3289,E01003363,81
3290,E01003364,65
3291,E01003365,58
3292,E01003366,81
3293,E01003367,348
3294,E01003368,112
3295,E01003369,59
3296,E01003370,262
3297,E01003371,86
3298,E01003372,89
3299,E01003373,85
3300,E01003374,425
3301,E01003375,214
3302,E01003376,59
3303,E01003377,38
3304,E01003378,234
3305,E01003379,62
3306,E01003380,87
3307,E01003381,956
3308,E01003382,87
3309,E01003383,689
3310,E01003384,139
3311,E01003385,84
3312,E01003386,55
3313,E01003387,58
3314,E01003388,62
3315,E01003389,157
3316,E01003390,90
3317,E01003391,31
3318,E01003392,54
3319,E01003393,418
3320,E01003394,116
3321,E01003395,114
3322,E01003396,73
3323,E01003397,62
3324,E01003398,87
3325,E01003399,83
3326,E01003400,470
3327,E01003401,309
3328,E01003402,533
3329,E01003403,190
3330,E01003404,123
3331,E01003405,104
3332,E01003406,128
3333,E01003407,121
3334,E01003408,77
3335,E01003409,181
3336,E01003410,342
3337,E01003411,79
3338,E01003412,64
3339,E01003413,117
3340,E01003414,152
3341,E01003415,107
3342,E01003416,165
3343,E01003417,51
3344,E01003418,34
3345,E01003419,119
3346,E01003420,66
3347,E01003421,56
3348,E01003422,80
3349,E01003423,151
3350,E01003424,91
3351,E01003425,93
3352,E01003426,140
3353,E01003427,575
3354,E01003428,1589
3355,E01003429,78
3356,E01003430,79
3357,E01003431,37
3358,E01003432,48
3359,E01003433,57
3360,E01003434,69
3361,E01003435,89
3362,E01003436,115
3363,E01003437,87
3364,E01003438,792
3365,E01003439,173
3366,E01003440,142
3367,E01003441,60
3368,E01003442,140
3369,E01003443,198
3370,E01003444,158
3371,E01003445,99
3372,E01003446,159
3373,E01003447,61
3374,E01003448,78
3375,E01003449,68
3376,E01003450,62
3377,E01003451,52
3378,E01003452,166
3379,E01003453,104
3380,E01003454,90
3381,E01003455,87
3382,E01003456,499
3383,E01003457,104
3384,E01003458,164
3385,E01003459,136
3386,E01003460,412
3387,E01003461,1246
3388,E01003462,93
3389,E01003463,109
3390,E01003464,104
3391,E01003465,91
3392,E01003466,80
3393,E01003467,92
3394,E01003468,73
3395,E01003469,92
3396,E01003470,263
3397,E01003471,100
3398,E01003472,61
3399,E01003473,281
3400,E01003474,91
3401,E01003475,213
3402,E01003476,65
3403,E01003477,82
3404,E01003478,217
3405,E01003479,90
3406,E01003480,86
3407,E01003481,113
3408,E01003482,321
3409,E01003483,56
3410,E01003484,93
3411,E01003485,114
3412,E01003486,83
3413,E01003487,50
3414,E01003488,50
3415,E01003489,60
3416,E01003490,70
3417,E01003491,119
3418,E01003492,89
3419,E01003493,189
3420,E01003494,78
3421,E01003495,101
3422,E01003496,70
3423,E01003497,153
3424,E01003498,79
3425,E01003499,105
3426,E01003500,135
3427,E01003501,115
3428,E01003502,123
3429,E01003503,124
3430,E01003506,68
3431,E01003507,162
3432,E01003508,109
3433,E01003509,60
3434,E01003511,84
3435,E01003512,96
3436,E01003513,108
3437,E01003514,132
3438,E01003515,122
3439,E01003516,72
3440,E01003517,85
3441,E01003518,92
3442,E01003519,80
3443,E01003520,231
3444,E01003521,181
3445,E01003522,71
3446,E01003523,82
3447,E01003524,174
3448,E01003525,631
3449,E01003526,71
3450,E01003527,64
3451,E01003528,43
3452,E01003529,219
3453,E01003530,70
3454,E01003531,159
3455,E01003532,99
3456,E01003533,68
3457,E01003534,118
3458,E01003535,65
3459,E01003536,77
3460,E01003537,92
3461,E01003538,72
3462,E01003539,116
3463,E01003540,600
3464,E01003541,91
3465,E01003542,57
3466,E01003543,281
3467,E01003544,127
3468,E01003545,86
3469,E01003546,85
3470,E01003547,95
3471,E01003548,133
3472,E01003549,95
3473,E01003550,56
3474,E01003551,104
3475,E01003552,66
3476,E01003553,85
3477,E01003554,72
3478,E01003555,117
3479,E01003556,133
3480,E01003557,138
3481,E01003558,576
3482,E01003559,520
3483,E01003560,60
3484,E01003561,101
3485,E01003562,251
3486,E01003563,88
3487,E01003564,157
3488,E01003565,103
3489,E01003566,298
3490,E01003567,205
3491,E01003568,113
3492,E01003569,177
3493,E01003570,151
3494,E01003571,105
3495,E01003572,128
3496,E01003573,134
3497,E01003574,134
3498,E01003575,68
3499,E01003576,122
3500,E01003577,69
3501,E01003578,155
3502,E01003579,79
3503,E01003580,75
3504,E01003581,67
3505,E01003582,50
3506,E01003583,82
3507,E01003584,82
3508,E01003585,62
3509,E01003586,121
3510,E01003587,158
3511,E01003588,58
3512,E01003589,117
3513,E01003590,50
3514,E01003591,533
3515,E01003592,59
3516,E01003593,60
3517,E01003594,111
3518,E01003595,127
3519,E01003596,61
3520,E01003597,64
3521,E01003598,61
3522,E01003599,44
3523,E01003600,62
3524,E01003601,110
3525,E01003602,110
3526,E01003603,52
3527,E01003604,120
3528,E01003605,1240
3529,E01003606,115
3530,E01003607,62
3531,E01003608,80
3532,E01003609,4612
3533,E01003611,160
3534,E01003615,124
3535,E01003616,137
3536,E01003617,727
3537,E01003618,314
3538,E01003619,2488
3539,E01003621,63
3540,E01003622,98
3541,E01003623,45
3542,E01003624,57
3543,E01003625,62
3544,E01003626,85
3545,E01003627,75
3546,E01003628,83
3547,E01003629,56
3548,E01003630,86
3549,E01003631,82
3550,E01003632,102
3551,E01003633,88
3552,E01003634,55
3553,E01003635,244
3554,E01003636,92
3555,E01003637,56
3556,E01003638,162
3557,E01003639,162
3558,E01003640,134
3559,E01003641,122
3560,E01003642,93
3561,E01003643,106
3562,E01003644,76
3563,E01003645,282
3564,E01003646,1119
3565,E01003647,247
3566,E01003648,119
3567,E01003649,75
3568,E01003650,104
3569,E01003651,137
3570,E01003652,101
3571,E01003653,382
3572,E01003654,64
3573,E01003655,92
3574,E01003656,73
3575,E01003657,107
3576,E01003658,100
3577,E01003659,97
3578,E01003660,110
3579,E01003661,129
3580,E01003662,164
3581,E01003663,96
3582,E01003664,72
3583,E01003665,109
3584,E01003666,155
3585,E01003668,996
3586,E01003669,76
3587,E01003670,72
3588,E01003671,60
3589,E01003672,170
3590,E01003673,83
3591,E01003674,803
3592,E01003675,372
3593,E01003676,136
3594,E01003677,2382
3595,E01003678,110
3596,E01003679,121
3597,E01003680,94
3598,E01003681,157
3599,E01003682,93
3600,E01003683,85
3601,E01003684,102
3602,E01003685,123
3603,E01003686,130
3604,E01003688,538
3605,E01003689,557
3606,E01003690,1037
3607,E01003691,124
3608,E01003692,115
3609,E01003693,76
3610,E01003694,96
3611,E01003695,94
3612,E01003696,119
3613,E01003697,140
3614,E01003698,86
3615,E01003699,161
3616,E01003700,166
3617,E01003701,192
3618,E01003702,101
3619,E01003703,122
3620,E01003704,155
3621,E01003705,148
3622,E01003706,69
3623,E01003707,84
3624,E01003708,107
3625,E01003709,108
3626,E01003710,71
3627,E01003711,203
3628,E01003712,68
3629,E01003713,86
3630,E01003714,369
3631,E01003715,112
3632,E01003716,111
3633,E01003718,270
3634,E01003719,411
3635,E01003720,77
3636,E01003721,93
3637,E01003722,113
3638,E01003723,63
3639,E01003724,77
3640,E01003725,63
3641,E01003726,1016
3642,E01003727,76
3643,E01003728,325
3644,E01003729,225
3645,E01003730,78
3646,E01003731,58
3647,E01003732,56
3648,E01003733,115
3649,E01003734,128
3650,E01003735,78
3651,E01003736,125
3652,E01003737,131
3653,E01003738,117
3654,E01003739,168
3655,E01003740,154
3656,E01003741,69
3657,E01003742,398
3658,E01003743,200
3659,E01003744,68
3660,E01003745,92
3661,E01003746,153
3662,E01003747,92
3663,E01003748,323
3664,E01003749,78
3665,E01003750,256
3666,E01003751,289
3667,E01003752,265
3668,E01003753,111
3669,E01003754,160
3670,E01003755,312
3671,E01003756,343
3672,E01003757,99
3673,E01003758,237
3674,E01003759,106
3675,E01003760,127
3676,E01003761,69
3677,E01003762,257
3678,E01003763,138
3679,E01003764,293
3680,E01003765,133
3681,E01003766,116
3682,E01003767,221
3683,E01003768,150
3684,E01003769,206
3685,E01003770,1328
3686,E01003771,93
3687,E01003772,82
3688,E01003773,115
3689,E01003774,87
3690,E01003775,124
3691,E01003776,116
3692,E01003777,221
3693,E01003778,1374
3694,E01003779,74
3695,E01003780,155
3696,E01003781,457
3697,E01003782,232
3698,E01003783,1129
3699,E01003784,279
3700,E01003785,138
3701,E01003786,89
3702,E01003787,100
3703,E01003788,918
3704,E01003789,74
3705,E01003790,78
3706,E01003791,74
3707,E01003792,78
3708,E01003793,65
3709,E01003794,69
3710,E01003795,67
3711,E01003796,66
3712,E01003797,84
3713,E01003798,108
3714,E01003799,121
3715,E01003800,69
3716,E01003801,144
3717,E01003802,118
3718,E01003803,43
3719,E01003804,116
3720,E01003805,100
3721,E01003806,105
3722,E01003807,621
3723,E01003808,81
3724,E01003809,223
3725,E01003810,296
3726,E01003811,491
3727,E01003812,186
3728,E01003813,96
3729,E01003814,121
3730,E01003815,267
3731,E01003816,104
3732,E01003817,143
3733,E01003818,94
3734,E01003819,70
3735,E01003820,67
3736,E01003821,147
3737,E01003822,71
3738,E01003823,173
3739,E01003824,153
3740,E01003825,89
3741,E01003826,273
3742,E01003827,1987
3743,E01003828,76
3744,E01003829,75
3745,E01003830,98
3746,E01003831,67
3747,E01003832,28
3748,E01003833,51
3749,E01003834,355
3750,E01003835,165
3751,E01003836,51
3752,E01003837,126
3753,E01003838,129
3754,E01003839,598
3755,E01003840,95
3756,E01003841,77
3757,E01003842,35
3758,E01003843,110
3759,E01003844,58
3760,E01003845,177
3761,E01003846,95
3762,E01003847,192
3763,E01003848,117
3764,E01003849,97
3765,E01003851,109
3766,E01003852,104
3767,E01003853,89
3768,E01003854,234
3769,E01003855,173
3770,E01003856,154
3771,E01003857,95
3772,E01003858,129
3773,E01003859,104
3774,E01003860,446
3775,E01003861,230
3776,E01003862,106
3777,E01003863,73
3778,E01003864,104
3779,E01003865,102
3780,E01003866,226
3781,E01003867,137
3782,E01003868,148
3783,E01003869,96
3784,E01003870,131
3785,E01003871,156
3786,E01003872,141
3787,E01003873,207
3788,E01003874,232
3789,E01003875,128
3790,E01003876,1675
3791,E01003877,131
3792,E01003878,58
3793,E01003879,122
3794,E01003880,94
3795,E01003881,84
3796,E01003882,165
3797,E01003883,234
3798,E01003884,129
3799,E01003885,164
3800,E01003886,174
3801,E01003887,350
3802,E01003888,208
3803,E01003889,96
3804,E01003890,98
3805,E01003891,354
3806,E01003892,138
3807,E01003893,192
3808,E01003894,145
3809,E01003895,124
3810,E01003896,217
3811,E01003897,329
3812,E01003898,167
3813,E01003899,73
3814,E01003900,69
3815,E01003901,76
3816,E01003902,56
3817,E01003903,73
3818,E01003904,70
3819,E01003905,145
3820,E01003906,60
3821,E01003907,50
3822,E01003908,131
3823,E01003909,201
3824,E01003910,71
3825,E01003911,62
3826,E01003912,58
3827,E01003913,353
3828,E01003914,93
3829,E01003915,90
3830,E01003916,119
3831,E01003917,77
3832,E01003918,28
3833,E01003919,98
3834,E01003920,125
3835,E01003921,75
3836,E01003922,134
3837,E01003923,150
3838,E01003924,115
3839,E01003925,61
3840,E01003926,67
3841,E01003927,928
3842,E01003929,2717
3843,E01003930,335
3844,E01003932,182
3845,E01003933,119
3846,E01003934,1385
3847,E01003935,281
3848,E01003936,154
3849,E01003937,119
3850,E01003938,691
3851,E01003939,549
3852,E01003940,48
3853,E01003941,160
3854,E01003942,57
3855,E01003943,79
3856,E01003945,73
3857,E01003946,100
3858,E01003947,96
3859,E01003948,64
3860,E01003949,154
3861,E01003950,86
3862,E01003951,70
3863,E01003952,292
3864,E01003953,176
3865,E01003954,76
3866,E01003955,90
3867,E01003956,110
3868,E01003957,102
3869,E01003958,98
3870,E01003960,68
3871,E01003961,61
3872,E01003963,70
3873,E01003964,161
3874,E01003966,113
3875,E01003967,19
3876,E01003968,50
3877,E01003969,161
3878,E01003970,40
3879,E01003971,33
3880,E01003972,55
3881,E01003973,64
3882,E01003974,40
3883,E01003975,77
3884,E01003976,396
3885,E01003977,66
3886,E01003978,166
3887,E01003979,199
3888,E01003980,122
3889,E01003981,1246
3890,E01003983,58
3891,E01003984,109
3892,E01003986,80
3893,E01003987,64
3894,E01003988,310
3895,E01003989,112
3896,E01003990,99
3897,E01003991,33
3898,E01003992,45
3899,E01003993,64
3900,E01003994,265
3901,E01003995,75
3902,E01003997,60
3903,E01003998,70
3904,E01003999,40
3905,E01004000,83
3906,E01004001,70
3907,E01004002,57
3908,E01004003,96
3909,E01004004,416
3910,E01004005,93
3911,E01004006,78
3912,E01004007,76
3913,E01004008,80
3914,E01004010,110
3915,E01004011,71
3916,E01004012,110
3917,E01004013,53
3918,E01004014,64
3919,E01004015,79
3920,E01004016,88
3921,E01004017,86
3922,E01004018,121
3923,E01004019,100
3924,E01004020,64
3925,E01004021,257
3926,E01004022,389
3927,E01004023,72
3928,E01004024,67
3929,E01004027,2494
3930,E01004028,148
3931,E01004029,100
3932,E01004030,73
3933,E01004031,818
3934,E01004032,89
3935,E01004033,332
3936,E01004034,70
3937,E01004035,77
3938,E01004036,129
3939,E01004037,97
3940,E01004038,92
3941,E01004039,55
3942,E01004040,63
3943,E01004041,33
3944,E01004042,109
3945,E01004043,58
3946,E01004044,33
3947,E01004045,62
3948,E01004046,67
3949,E01004047,38
3950,E01004048,60
3951,E01004049,53
3952,E01004050,77
3953,E01004051,59
3954,E01004052,121
3955,E01004053,121
3956,E01004054,84
3957,E01004055,23
3958,E01004056,113
3959,E01004057,137
3960,E01004058,118
3961,E01004059,88
3962,E01004060,133
3963,E01004061,125
3964,E01004062,243
3965,E01004063,134
3966,E01004064,80
3967,E01004065,74
3968,E01004066,109
3969,E01004067,141
3970,E01004068,99
3971,E01004069,77
3972,E01004070,115
3973,E01004071,115
3974,E01004072,172
3975,E01004073,138
3976,E01004074,552
3977,E01004075,84
3978,E01004076,201
3979,E01004077,73
3980,E01004078,56
3981,E01004079,49
3982,E01004080,69
3983,E01004081,71
3984,E01004082,43
3985,E01004083,22
3986,E01004084,146
3987,E01004085,84
3988,E01004086,176
3989,E01004087,67
3990,E01004088,14
3991,E01004089,32
3992,E01004090,34
3993,E01004091,86
3994,E01004092,148
3995,E01004093,117
3996,E01004094,103
3997,E01004095,77
3998,E01004096,60
3999,E01004097,48
4000,E01004098,55
4001,E01004099,139
4002,E01004100,656
4003,E01004101,53
4004,E01004102,75
4005,E01004103,260
4006,E01004104,55
4007,E01004105,295
4008,E01004106,125
4009,E01004107,99
4010,E01004108,82
4011,E01004109,50
4012,E01004110,430
4013,E01004111,70
4014,E01004112,119
4015,E01004114,129
4016,E01004115,103
4017,E01004116,71
4018,E01004117,47
4019,E01004118,136
4020,E01004119,125
4021,E01004120,43
4022,E01004121,117
4023,E01004122,62
4024,E01004123,298
4025,E01004124,61
4026,E01004125,41
4027,E01004126,35
4028,E01004127,37
4029,E01004128,47
4030,E01004129,56
4031,E01004130,345
4032,E01004131,49
4033,E01004132,41
4034,E01004133,47
4035,E01004134,156
4036,E01004135,47
4037,E01004136,68
4038,E01004137,182
4039,E01004138,132
4040,E01004139,60
4041,E01004140,166
4042,E01004141,81
4043,E01004142,717
4044,E01004143,51
4045,E01004144,90
4046,E01004145,88
4047,E01004146,92
4048,E01004147,50
4049,E01004148,70
4050,E01004149,84
4051,E01004150,194
4052,E01004151,84
4053,E01004152,167
4054,E01004153,97
4055,E01004154,67
4056,E01004155,75
4057,E01004156,119
4058,E01004157,281
4059,E01004158,90
4060,E01004159,72
4061,E01004160,75
4062,E01004161,69
4063,E01004162,180
4064,E01004163,48
4065,E01004164,46
4066,E01004165,68
4067,E01004166,46
4068,E01004167,55
4069,E01004168,57
4070,E01004169,48
4071,E01004170,106
4072,E01004171,128
4073,E01004172,64
4074,E01004173,28
4075,E01004174,45
4076,E01004175,54
4077,E01004176,40
4078,E01004177,61
4079,E01004178,319
4080,E01004179,375
4081,E01004180,100
4082,E01004181,70
4083,E01004182,94
4084,E01004183,52
4085,E01004184,51
4086,E01004185,37
4087,E01004186,84
4088,E01004187,48
4089,E01004188,355
4090,E01004189,52
4091,E01004190,61
4092,E01004191,511
4093,E01004192,55
4094,E01004193,128
4095,E01004194,55
4096,E01004195,83
4097,E01004196,56
4098,E01004197,314
4099,E01004198,76
4100,E01004199,52
4101,E01004200,186
4102,E01004201,55
4103,E01004202,170
4104,E01004203,104
4105,E01004204,54
4106,E01004205,177
4107,E01004206,48
4108,E01004207,46
4109,E01004208,271
4110,E01004209,57
4111,E01004211,144
4112,E01004212,319
4113,E01004214,46
4114,E01004215,1560
4115,E01004216,85
4116,E01004217,105
4117,E01004218,108
4118,E01004219,85
4119,E01004221,1230
4120,E01004222,107
4121,E01004223,63
4122,E01004224,328
4123,E01004225,194
4124,E01004226,74
4125,E01004228,88
4126,E01004229,38
4127,E01004230,67
4128,E01004231,59
4129,E01004232,98
4130,E01004233,52
4131,E01004234,129
4132,E01004235,27
4133,E01004236,38
4134,E01004237,65
4135,E01004238,330
4136,E01004239,28
4137,E01004240,32
4138,E01004241,41
4139,E01004242,178
4140,E01004243,51
4141,E01004244,86
4142,E01004245,107
4143,E01004246,137
4144,E01004247,128
4145,E01004248,61
4146,E01004249,69
4147,E01004250,35
4148,E01004251,92
4149,E01004252,255
4150,E01004253,81
4151,E01004254,224
4152,E01004255,91
4153,E01004256,34
4154,E01004257,63
4155,E01004258,87
4156,E01004259,107
4157,E01004260,138
4158,E01004261,58
4159,E01004262,47
4160,E01004263,23
4161,E01004264,34
4162,E01004266,45
4163,E01004267,111
4164,E01004268,49
4165,E01004269,120
4166,E01004270,162
4167,E01004271,57
4168,E01004272,46
4169,E01004273,360
4170,E01004274,107
4171,E01004275,110
4172,E01004276,174
4173,E01004277,1617
4174,E01004280,336
4175,E01004281,92
4176,E01004283,83
4177,E01004284,135
4178,E01004285,80
4179,E01004286,81
4180,E01004287,65
4181,E01004288,38
4182,E01004289,46
4183,E01004290,441
4184,E01004291,130
4185,E01004292,108
4186,E01004293,1730
4187,E01004294,377
4188,E01004295,51
4189,E01004296,135
4190,E01004297,152
4191,E01004298,121
4192,E01004300,61
4193,E01004301,67
4194,E01004302,67
4195,E01004303,150
4196,E01004304,134
4197,E01004305,48
4198,E01004306,517
4199,E01004307,1331
4200,E01004308,138
4201,E01004309,1373
4202,E01004310,432
4203,E01004311,55
4204,E01004312,33
4205,E01004313,441
4206,E01004314,102
4207,E01004315,154
4208,E01004316,85
4209,E01004317,374
4210,E01004318,140
4211,E01004319,150
4212,E01004321,686
4213,E01004322,186
4214,E01004323,170
4215,E01004324,38
4216,E01004325,959
4217,E01004326,436
4218,E01004327,45
4219,E01004328,130
4220,E01004329,108
4221,E01004330,95
4222,E01004331,83
4223,E01004332,113
4224,E01004333,78
4225,E01004334,52
4226,E01004335,85
4227,E01004336,299
4228,E01004337,79
4229,E01004338,103
4230,E01004339,172
4231,E01004340,70
4232,E01004341,146
4233,E01004342,91
4234,E01004343,81
4235,E01004344,134
4236,E01004345,161
4237,E01004346,62
4238,E01004347,87
4239,E01004348,775
4240,E01004349,49
4241,E01004350,76
4242,E01004351,56
4243,E01004352,994
4244,E01004353,104
4245,E01004354,374
4246,E01004355,57
4247,E01004356,49
4248,E01004357,73
4249,E01004358,163
4250,E01004359,61
4251,E01004360,44
4252,E01004361,63
4253,E01004362,92
4254,E01004363,73
4255,E01004364,99
4256,E01004365,268
4257,E01004366,102
4258,E01004367,82
4259,E01004368,115
4260,E01004369,91
4261,E01004370,124
4262,E01004371,84
4263,E01004372,125
4264,E01004373,136
4265,E01004374,88
4266,E01004375,152
4267,E01004376,119
4268,E01004377,194
4269,E01004378,88
4270,E01004379,133
4271,E01004380,57
4272,E01004381,128
4273,E01004382,53
4274,E01004383,81
4275,E01004384,177
4276,E01004385,43
4277,E01004386,74
4278,E01004387,52
4279,E01004388,269
4280,E01004389,76
4281,E01004390,59
4282,E01004391,71
4283,E01004392,214
4284,E01004393,50
4285,E01004394,80
4286,E01004395,74
4287,E01004396,198
4288,E01004397,320
4289,E01004398,130
4290,E01004399,58
4291,E01004400,68
4292,E01004401,210
4293,E01004402,75
4294,E01004403,443
4295,E01004404,171
4296,E01004405,79
4297,E01004406,410
4298,E01004407,34
4299,E01004408,92
4300,E01004409,133
4301,E01004410,77
4302,E01004411,147
4303,E01004412,222
4304,E01004413,33
4305,E01004414,195
4306,E01004415,47
4307,E01004416,85
4308,E01004417,123
4309,E01004418,71
4310,E01004419,85
4311,E01004420,147
4312,E01004421,92
4313,E01004422,395
4314,E01004423,99
4315,E01004424,234
4316,E01004425,108
4317,E01004426,78
4318,E01004427,122
4319,E01004428,82
4320,E01004429,123
4321,E01004430,591
4322,E01004432,111
4323,E01004434,125
4324,E01004435,127
4325,E01004436,541
4326,E01004437,104
4327,E01004438,544
4328,E01004439,102
4329,E01004440,180
4330,E01004441,70
4331,E01004442,73
4332,E01004443,120
4333,E01004444,135
4334,E01004445,61
4335,E01004446,96
4336,E01004447,79
4337,E01004448,62
4338,E01004449,46
4339,E01004450,56
4340,E01004451,62
4341,E01004452,97
4342,E01004453,102
4343,E01004454,83
4344,E01004455,170
4345,E01004456,40
4346,E01004457,271
4347,E01004458,104
4348,E01004459,43
4349,E01004460,112
4350,E01004461,502
4351,E01004462,118
4352,E01004463,74
4353,E01004464,68
4354,E01004465,67
4355,E01004466,62
4356,E01004467,148
4357,E01004468,95
4358,E01004469,74
4359,E01004470,230
4360,E01004471,69
4361,E01004472,111
4362,E01004473,125
4363,E01004474,420
4364,E01004475,133
4365,E01004476,148
4366,E01004477,94
4367,E01004478,91
4368,E01004479,287
4369,E01004480,83
4370,E01004481,102
4371,E01004482,70
4372,E01004483,87
4373,E01004484,100
4374,E01004485,136
4375,E01004486,70
4376,E01004487,92
4377,E01004488,121
4378,E01004489,62
4379,E01004490,62
4380,E01004491,70
4381,E01004492,194
4382,E01004493,240
4383,E01004494,147
4384,E01004495,110
4385,E01004496,310
4386,E01004497,79
4387,E01004498,110
4388,E01004499,113
4389,E01004500,65
4390,E01004501,88
4391,E01004502,167
4392,E01004503,83
4393,E01004504,94
4394,E01004505,101
4395,E01004506,215
4396,E01004507,4954
4397,E01004508,205
4398,E01004509,402
4399,E01004510,117
4400,E01004511,113
4401,E01004512,91
4402,E01004513,76
4403,E01004514,118
4404,E01004515,80
4405,E01004516,74
4406,E01004517,141
4407,E01004518,125
4408,E01004519,65
4409,E01004520,35
4410,E01004521,80
4411,E01004522,120
4412,E01004523,65
4413,E01004524,44
4414,E01004525,174
4415,E01004526,396
4416,E01004527,78
4417,E01004528,220
4418,E01004529,165
4419,E01004530,92
4420,E01004531,47
4421,E01004532,56
4422,E01004533,184
4423,E01004534,225
4424,E01004535,41
4425,E01004536,90
4426,E01004537,50
4427,E01004538,81
4428,E01004539,66
4429,E01004540,143
4430,E01004541,55
4431,E01004542,135
4432,E01004543,143
4433,E01004544,75
4434,E01004545,135
4435,E01004546,84
4436,E01004547,54
4437,E01004548,171
4438,E01004549,116
4439,E01004550,75
4440,E01004551,101
4441,E01004552,217
4442,E01004553,104
4443,E01004554,98
4444,E01004555,94
4445,E01004556,126
4446,E01004557,91
4447,E01004558,127
4448,E01004559,79
4449,E01004560,153
4450,E01004562,564
4451,E01004563,129
4452,E01004564,287
4453,E01004565,89
4454,E01004566,88
4455,E01004567,79
4456,E01004568,33
4457,E01004569,84
4458,E01004570,63
4459,E01004571,54
4460,E01004572,76
4461,E01004573,66
4462,E01004574,52
4463,E01004575,51
4464,E01004576,115
4465,E01004577,103
4466,E01004579,126
4467,E01004580,843
4468,E01004581,229
4469,E01004582,162
4470,E01004583,189
4471,E01004584,29
4472,E01004585,291
4473,E01004586,93
4474,E01004587,104
4475,E01004588,175
4476,E01004589,112
4477,E01004590,52
4478,E01004591,258
4479,E01004592,35
4480,E01004593,296
4481,E01004594,96
4482,E01004595,104
4483,E01004596,174
4484,E01004597,77
4485,E01004598,107
4486,E01004599,86
4487,E01004600,253
4488,E01004601,129
4489,E01004602,147
4490,E01004604,107
4491,E01004605,109
4492,E01004606,260
4493,E01004607,311
4494,E01004608,98
4495,E01004609,436
4496,E01004610,165
4497,E01004611,102
4498,E01004612,136
4499,E01004613,387
4500,E01004614,231
4501,E01004615,62
4502,E01004616,159
4503,E01004617,269
4504,E01004618,60
4505,E01004619,156
4506,E01004620,219
4507,E01004621,111
4508,E01004622,108
4509,E01004623,74
4510,E01004624,76
4511,E01004625,84
4512,E01004626,155
4513,E01004627,91
4514,E01004628,92
4515,E01004629,86
4516,E01004630,52
4517,E01004631,75
4518,E01004632,75
4519,E01004633,56
4520,E01004634,73
4521,E01004635,69
4522,E01004636,57
4523,E01004637,56
4524,E01004638,93
4525,E01004639,123
4526,E01004640,95
4527,E01004641,111
4528,E01004642,71
4529,E01004643,117
4530,E01004644,142
4531,E01004645,69
4532,E01004646,82
4533,E01004647,94
4534,E01004648,213
4535,E01004649,280
4536,E01004650,164
4537,E01004651,127
4538,E01004652,119
4539,E01004653,180
4540,E01004654,421
4541,E01004656,196
4542,E01004657,1061
4543,E01004658,1407
4544,E01004659,255
4545,E01004660,958
4546,E01004661,1905
4547,E01004662,1809
4548,E01004663,469
4549,E01004665,41
4550,E01004666,84
4551,E01004667,106
4552,E01004668,53
4553,E01004669,34
4554,E01004670,35
4555,E01004674,64
4556,E01004675,105
4557,E01004676,263
4558,E01004677,114
4559,E01004678,143
4560,E01004679,172
4561,E01004680,323
4562,E01004681,1025
4563,E01004682,598
4564,E01004683,128
4565,E01004684,747
4566,E01004686,155
4567,E01004687,291
4568,E01004688,433
4569,E01004689,624
4570,E01004690,565
4571,E01004691,337
4572,E01004692,216
4573,E01004693,117
4574,E01004694,301
4575,E01004695,384
4576,E01004696,55
4577,E01004697,135
4578,E01004698,126
4579,E01004699,515
4580,E01004700,221
4581,E01004701,111
4582,E01004702,219
4583,E01004703,196
4584,E01004705,157
4585,E01004706,93
4586,E01004707,241
4587,E01004708,118
4588,E01004709,182
4589,E01004710,61
4590,E01004711,65
4591,E01004712,1991
4592,E01004713,3955
4593,E01004714,9679
4594,E01004715,3384
4595,E01004716,332
4596,E01004717,277
4597,E01004718,83
4598,E01004719,68
4599,E01004720,67
4600,E01004721,82
4601,E01004722,78
4602,E01004723,127
4603,E01004724,163
4604,E01004725,102
4605,E01004726,142
4606,E01004727,285
4607,E01004728,82
4608,E01004729,49
4609,E01004730,113
4610,E01004731,3745
4611,E01004732,282
4612,E01004733,444
4613,E01004734,5606
4614,E01004735,3650
4615,E01004736,16905
4616,E01004737,69
4617,E01004738,135
4618,E01004739,48
4619,E01004740,62
4620,E01004741,215
4621,E01004742,207
4622,E01004743,501
4623,E01004744,535
4624,E01004745,600
4625,E01004746,51
4626,E01004747,296
4627,E01004748,823
4628,E01004749,927
4629,E01004750,1591
4630,E01004751,394
4631,E01004752,71
4632,E01004753,138
4633,E01004754,33
4634,E01004755,193
4635,E01004756,113
4636,E01004757,140
4637,E01004760,89
4638,E01004761,8021
4639,E01004762,2267
4640,E01004763,5367
4641,E01004765,18522
4642,E01032512,90
4643,E01032513,41
4644,E01032562,51
4645,E01032563,100
4646,E01032564,31
4647,E01032565,32
4648,E01032566,70
4649,E01032567,56
4650,E01032568,52
4651,E01032569,60
4652,E01032570,109
4653,E01032572,112
4654,E01032573,689
4655,E01032574,183
4656,E01032575,64
4657,E01032576,86
4658,E01032577,69
4659,E01032579,129
4660,E01032580,185
4661,E01032581,305
4662,E01032582,567
4663,E01032583,379
4664,E01032584,124
4665,E01032623,141
4666,E01032637,292
4667,E01032638,206
4668,E01032639,146
4669,E01032640,207
4670,E01032646,922
4671,E01032719,279
4672,E01032720,155
4673,E01032722,198
4674,E01032739,38537
4675,E01032740,21547
4676,E01032741,1008
4677,E01032742,106
4678,E01032743,129
4679,E01032744,100
4680,E01032764,244
4681,E01032765,57
4682,E01032766,1045
4683,E01032767,887
4684,E01032768,87
4685,E01032769,137
4686,E01032770,118
4687,E01032771,5821
4688,E01032772,54
4689,E01032773,960
4690,E01032774,432
4691,E01032775,82
4692,E01032776,143
4693,E01032777,528
4694,E01032778,190
4695,E01032779,117
4696,E01032780,512
4697,E01032781,93
4698,E01032782,164
4699,E01032783,165
4700,E01032784,51
4701,E01032785,137
4702,E01032786,49
4703,E01032787,72
4704,E01032788,105
4705,E01032789,136
4706,E01032790,179
4707,E01032803,364
4708,E01032805,94
4709,E01032834,239
4710,E01033000,46
4711,E01033030,118
4712,E01033081,106
4713,E01033082,71
4714,E01033083,287
4715,E01033084,157
4716,E01033085,110
4717,E01033086,25
4718,E01033093,867
4719,E01033098,99
4720,E01033099,155
4721,E01033100,155
4722,E01033101,375
4723,E01033132,167
4724,E01033133,150
4725,E01033135,83
4726,E01033146,53
4727,E01033148,103
4728,E01033150,93
4729,E01033151,116
4730,E01033153,160
4731,E01033207,191
4732,E01033208,295
4733,E01033320,72
4734,E01033322,65
4735,E01033324,46
4736,E01033325,90
4737,E01033327,191
4738,E01033341,74
4739,E01033424,880
4740,E01033455,115
4741,E01033456,98
4742,E01033457,625
4743,E01033463,223
4744,E01033464,102
4745,E01033485,385
4746,E01033486,82
4747,E01033487,60
4748,E01033488,55
4749,E01033489,845
4750,E01033490,3501
4751,E01033491,303
4752,E01033492,120
4753,E01033493,67
4754,E01033494,84
4755,E01033568,98
4756,E01033569,182
4757,E01033570,125
4758,E01033571,62
4759,E01033572,338
4760,E01033573,176
4761,E01033574,83
4762,E01033575,74
4763,E01033576,284
4764,E01033577,3894
4765,E01033578,183
4766,E01033579,194
4767,E01033580,121
4768,E01033581,100
4769,E01033582,149
4770,E01033583,610
4771,E01033584,65
4772,E01033585,175
4773,E01033586,157
4774,E01033587,322
4775,E01033588,88
4776,E01033589,582
4777,E01033590,39
4778,E01033591,269
4779,E01033592,106
4780,E01033593,197
4781,E01033594,792
4782,E01033595,15773
4783,E01033596,1689
4784,E01033597,50
4785,E01033598,86
4786,E01033599,28
4787,E01033600,196
4788,E01033601,94
4789,E01033602,67
4790,E01033603,303
4791,E01033604,444
4792,E01033605,148
4793,E01033606,98
4794,E01033607,98
4795,E01033608,107
4796,E01033698,23
4797,E01033699,330
4798,E01033700,351
4799,E01033701,141
4800,E01033702,422
4801,E01033703,78
4802,E01033704,976
4803,E01033705,33
4804,E01033706,1537
4805,E01033707,164
4806,E01033708,7261
4807,E01033709,259
4808,E01033710,39
4809,E01033711,999
4810,E01033712,255
4811,E01033713,92
4812,E01033724,397
4813,E01033725,300
4814,E01033726,228
4815,E01033727,215
4816,E01033728,253
4817,E01033729,90
4818,E01033730,186
4819,E01033731,916
4820,E01033732,73
4821,E01033733,229
4822,E01033734,133
4823,E01033735,308
4824,E01033736,121
4825,E01033737,261
4826,E01033738,127
4827,E01033739,130
4828,E01033740,128
4829,E01033741,212
4830,E01033742,86
4831,E01033743,154
4832,E01033744,106
4833,E01033745,146
4834,E01033746,57
